"","V1","V2","V3"
"1",-0.0623926003966438,1.985285321781,1.53688545883662
"2",1.2230531392351,2.00182413065628,1.2873379471747
"3",2.86820423685916,1.86787966939291,2.49047593804137
"4",1.84064340705883,1.64964771954127,2.17360713301405
"5",0.510475446326448,2.20707905282689,1.12450722391179
"6",-1.26630324075641,1.43115628760475,-0.905339127905378
"7",-1.59803938565692,1.78171759474673,-0.32451231909311
"8",-0.914040467100269,0.0918419886125947,0.00500599175207317
"9",0.332982398867278,-1.09655964729528,0.755106886764299
"10",-0.921905608108366,0.231812123199724,-0.882965958380558
"11",-0.911711808966787,0.0558874161742748,-0.61297406706698
"12",-0.824184664904048,0.0254235013475274,-0.795262689479107
"13",-1.36088914785938,0.455684670295404,-0.685504148177015
"14",-1.94866750593648,-2.00452250293689,-1.64949543281595
"15",-3.23257754354223,-2.76271317599278,-1.68467011749425
"16",-1.75791463365587,-0.99775380324071,-0.784057622752498
"17",-2.080962247759,-1.59313593073995,-0.644795715243683
"18",0.611865251602104,-0.497765132493495,-0.235981450892209
"19",-1.24552257426269,0.800385234561732,-0.97479333042523
"20",0.37295604146071,-0.958100714329907,0.630666864789398
"21",-1.25120514116469,-1.75185296365279,-0.431332939676316
"22",-0.0147305471352464,-0.683296332022214,-0.432387156150065
"23",-0.12771459821659,0.500251750614943,0.659036237237687
"24",0.196982756596949,-0.3236731724317,2.05469994391603
"25",1.30598086347942,0.565221570165664,1.39976211134026
"26",-0.360525907487814,-0.573489807549957,1.65964323688012
"27",0.62738006531685,-1.22165803299527,-1.92176959500826
"28",-0.329148071823892,-0.0440082100635705,-0.893322658622998
"29",0.287143917512112,0.0393273089819897,-0.212225447962108
"30",-0.781950213907642,0.67106961332988,0.137057515874819
"31",0.3271761999437,0.227386307388931,-1.87276996602518
"32",0.352910010145612,-0.384357551890363,-0.946909684631034
"33",-0.0796535525710987,0.448261557079711,0.185795737357847
"34",0.572934551812332,3.03132092545521,-0.185504256573493
"35",-0.493066773386164,-0.505396114803411,0.533134060429166
"36",0.131451610506726,-0.212634027015531,1.40964652582035
"37",-0.251561982115022,1.27350492206488,0.938338192674598
"38",1.99269841354377,1.02630251832469,1.76417052625367
"39",-0.424171694634458,1.1194462264237,0.963707017140151
"40",-0.169989166815854,-0.72308511180792,0.658772613188504
"41",0.493621134619188,0.747176227418944,-0.951318645881172
"42",-1.79611685072226,-0.935196554657571,0.909785562116276
"43",-0.0519626084736435,1.92378297945926,0.0512990649260565
"44",0.288441359479594,0.490245165986954,-0.931931235075813
"45",-0.36269008804805,0.0411693575394385,-0.768609688071326
"46",0.22844507956821,-0.452132601082321,-0.320894802398532
"47",-0.974843695956128,-1.46254441669653,0.272560391964876
"48",-1.71076409112217,-0.00829549339507862,-1.21138661892812
"49",-2.65621175982354,-0.375182078061327,0.52516611904506
"50",0.295057784687877,1.08919421597108,-0.824278896540004
"51",0.476487029742701,0.330122907394434,-0.630678340885958
"52",-0.96344979800653,-0.391572916961444,0.679804283922803
"53",-0.655200065929778,-0.458900383802368,0.370000625993843
"54",-0.409786595364849,-1.86507796342657,0.788932498617296
"55",-1.03143905080914,-0.0790090579403004,-1.13969895553088
"56",-1.41458419251156,1.59858170555135,-1.69742775591305
"57",0.0736400701887114,-1.22046853521843,-0.950319255945513
"58",1.14630951759478,-0.96432261323905,-0.203672904258418
"59",0.429358126461412,-0.794195565673532,0.391188539803603
"60",1.50935883428599,2.10694969106363,1.4284920923656
"61",1.45209908638777,1.22057403318058,1.15943983990136
"62",1.11309781460695,0.21325532862139,1.75800994152611
"63",0.0122896076756159,0.603596471834202,0.331114114701657
"64",-0.766389610359866,0.942764283516483,0.636676543057508
"65",2.51209980704851,1.82851940747568,0.839238995799373
"66",1.73419107787118,1.97364705195811,2.77755274126086
"67",0.952536611246414,1.6801590410593,2.71714448837254
"68",2.49000258272278,0.656499964054534,0.773020378695141
"69",1.40525395694775,2.76899416662825,-0.534865180239538
"70",1.78826860075225,0.484212642788133,1.15328006996342
"71",0.116547964389782,0.189593993316552,1.58946864587578
"72",0.332645974174469,0.110425137941193,1.52109984344979
"73",-0.838880595460572,-0.318495168324064,-1.03896901157932
"74",-2.99902730266914,0.0121258264459464,-1.28868707315949
"75",-0.723143265246466,-0.802632058317654,-0.167994890012919
"76",-0.380193883294509,-0.767129485009018,-0.758841314794774
"77",-0.772219500038776,-0.401707574457684,-0.875971124971299
"78",-0.3021468661065,-1.34252325832676,-2.35167478749511
"79",-1.36854882210514,-0.528649836210791,-0.273655881926841
"80",-0.265379905578478,-1.17037219942571,-0.0699682836716299
"81",-0.661003621951405,-0.679216330780457,-0.215227193297745
"82",-0.882838360395514,-0.545843940327286,0.0684178734973029
"83",-1.61223698822513,-0.506147880193132,0.598249561850629
"84",-0.539373866612138,-1.19127032208015,0.523347069226936
"85",-0.0310026521250012,1.51467277382417,0.827226294345678
"86",-0.950074382754643,-0.0835989764486009,0.93558365369223
"87",-0.392752641142874,0.847429830551176,-0.9184833762176
"88",0.154241575108849,0.262139611275736,-0.661803349900902
"89",0.135493466963962,-1.27910494975993,-0.148559365382767
"90",-0.949976002700163,-1.91152748283289,-1.07994609629288
"91",-1.93108462838328,0.68972447148737,-2.11943557056046
"92",-0.497604804181668,-0.081365835235492,-1.08414816762631
"93",0.802875803454867,-1.11507050925269,-0.535484647742059
"94",1.01570096894579,-0.445498252830662,-1.44887634207102
"95",-0.0192275170103646,-0.879785761432418,-0.615040476396638
"96",-0.722804353383873,-0.393874762434064,-1.57026520217725
"97",-0.624398400614868,1.00434389468606,-0.475029009586291
"98",2.43342650433245,0.167808835634303,-0.648726481263208
"99",2.60046475815285,-0.747061857381332,-0.913141192798882
"100",1.5433880211485,-0.53896768923135,-0.0211669900853526
"101",1.33800590082478,0.694908398277997,2.83934456234435
"102",1.66788791667093,0.789674256666112,0.046446096799601
"103",0.313709123830705,0.808110703041033,3.18470360225633
"104",1.43202575619099,-0.274697232956911,0.626010538508499
"105",0.576487120136615,0.742874981683554,1.25654046411208
"106",1.81455613255322,2.07942468300647,0.17494512305296
"107",0.531745889979364,0.747619843110403,-0.177025412603822
"108",1.10834516260907,1.91281034086625,-0.864515504426118
"109",-0.0851304267914452,1.49251672189463,-0.0289777045786863
"110",1.16667207092409,0.749542569735319,-1.21242389255671
"111",0.610977380034697,-0.441177680078535,0.287882553955451
"112",0.295408679652466,0.922316725472584,-0.0571566481082917
"113",-0.342584001725979,0.523119866845152,0.0807405431842795
"114",0.47267321227991,0.402067575000426,-0.887860613430312
"115",2.02899537336104,-1.22373663156066,0.600072207228106
"116",-0.90611993243131,0.0793706620926055,1.4330108985746
"117",1.81443919190185,1.03938951960626,-0.26292326728925
"118",0.671319012880388,0.34312957999477,-0.593138111623609
"119",0.892009086089182,0.45296255375266,-0.468722067315192
"120",2.97193734481307,-0.11886979628936,0.469908904091984
"121",1.4805129361638,0.411224371826707,-1.4618857900443
"122",0.78768474104528,0.421964459967243,-0.0332253682128887
"123",-0.27140392802196,0.776913065778804,0.531486319775353
"124",0.962165739287962,2.18125629741117,1.40500065641493
"125",1.22524708365682,1.19865967071604,3.59589147891114
"126",3.19698861425679,2.24138548644207,3.5557750039339
"127",3.21830513209551,2.94256220931335,2.48911685412386
"128",2.78624013960038,2.42701911581207,1.81158366490321
"129",2.05756816150711,3.05514500669797,1.92684397022258
"130",2.4663170947055,1.61559838522378,0.43804673238965
"131",2.43911968246621,1.13206038517741,0.508338070987453
"132",0.959349521234835,0.613253584780925,0.22112367467382
"133",0.802816254680094,0.875068686422497,1.03072659710152
"134",-0.123979030063803,0.327954415794791,1.55400115668697
"135",0.263742656717733,-0.222510768125102,-0.494934398104318
"136",-0.0665092666415803,-0.327298217192421,0.624104033383224
"137",-1.34629079044822,0.323906134153411,-1.24007197552233
"138",-0.0925068172014449,0.520956484569951,-0.378212456119297
"139",1.73994306730706,-0.0990625646464635,0.299310124049125
"140",3.01945188887397,2.3113509251312,-0.420536872281526
"141",-0.460437154288546,0.00958486120613244,0.425912952897668
"142",1.13491347986221,-0.548934138452677,-0.242017651671447
"143",-1.04735523690116,-1.78965564989146,-2.02480870255129
"144",-0.87470585778559,-1.88193718314847,-2.10629226162133
"145",-0.704449126590035,-2.46779125540821,-0.11145863362045
"146",-1.56871615712236,-1.29187566768508,-2.30020312393161
"147",-2.69749234856711,-3.20108364756809,-3.34193122507764
"148",-1.84156641914138,-0.999019250201642,-1.35646751935375
"149",0.723630237350821,-0.144130990805612,-0.503052345016024
"150",-0.651777568302527,-0.563324848904401,0.173632715193285
"151",-1.4549417748195,-0.501138679963298,-0.427041854310234
"152",-0.499191979249558,-0.811641611442918,-0.632906215978454
"153",1.15697350733009,0.13602656791235,0.133147820622143
"154",1.83781923085084,1.49225023309185,2.13728110452601
"155",2.05276005896462,0.29999130957997,1.87233946071434
"156",0.542793759577897,2.4295032330045,-0.406046088390515
"157",0.567553024896595,1.70959450286049,-0.319393512934523
"158",-0.259637733458236,0.771147267484872,0.757617033271649
"159",1.57005474421744,0.01801102709717,-0.495564683410917
"160",1.47925289261426,-0.228691943068827,-0.0999005517135601
"161",-0.696714804876195,-1.11338546597126,0.0791502598293675
"162",1.06942017852073,-1.23492749560516,-0.610286955208186
"163",0.102570593038637,-0.874985331311455,-0.303936645643042
"164",-0.551826232006897,-1.13183927800428,-0.956442769585607
"165",0.992393279720091,-0.271884812524043,-0.724662723107304
"166",1.27854370083627,1.2025563617348,-0.357223430345043
"167",0.80870618063436,2.08746382464903,1.57098168492523
"168",1.93856346839104,2.46534296824424,-0.188822519549606
"169",1.24679821105775,1.3481496238844,2.09941910845483
"170",1.29516339827754,-0.223278565439572,1.3526215795867
"171",1.27349307718875,-0.291075678565592,-1.69039030217695
"172",0.465032054878098,-0.539466068360359,-0.109932967371801
"173",0.797593140618247,-1.23768321628337,-0.757681948019835
"174",0.521578711886753,0.926590715207122,-0.921861760314455
"175",0.514126451053927,-0.198146101724545,-0.800661078944021
"176",0.190978283835562,-0.772746885246102,-1.43942274429675
"177",-0.420053670416552,-1.30118470227409,-1.15009512255222
"178",-0.697839199859154,-1.23715039530146,0.00770734013761587
"179",-1.20569208072299,-2.87710440608735,-1.27215833868681
"180",0.0361766550003053,-2.45115370306208,-0.189581352008215
"181",0.384546348423573,-1.30179986665458,0.500208937341687
"182",1.2136820630499,-2.12232133816889,-0.9417810921484
"183",1.72165841777632,-0.843148692731056,-0.424800544112006
"184",0.570072254947698,1.01480100726396,0.0286826095647877
"185",0.88017383150817,1.06436952159551,0.529548871446193
"186",1.13332605221391,0.576623839043245,1.94762113601943
"187",1.74788206659715,-1.30183957198375,-0.0605673669077489
"188",0.728752865413822,0.238424493258534,1.25150913659064
"189",1.11329663847084,1.20132690774625,-0.0146496794557784
"190",1.8409381994608,1.6081205872292,0.640066463353841
"191",1.34739521799938,-0.138896182352743,1.29732762006004
"192",0.806704972281466,-0.702127527367565,1.01021506841168
"193",-0.816429055437912,-0.496381144678843,-0.358318869177976
"194",-0.619707578234744,-1.68605150467628,-2.25251028427348
"195",-0.182367646969087,0.640044944530417,-0.310066878682905
"196",0.911456258583175,0.177889580702889,0.349266731037045
"197",0.669851237056791,-0.459233731347794,1.28526079050737
"198",0.761024489412062,-0.265958774877137,-0.782631736636177
"199",1.03789381994901,-0.762940521256496,0.279597804653358
"200",0.675872659832722,1.40952007669252,-1.5402175413923
"201",-0.451373396636226,-1.72865336794405,-1.07780106909711
"202",0.0350491392983198,-0.612382880575878,0.349626546478
"203",0.549151635279686,0.230612901716524,1.55198149110959
"204",0.272572051429646,0.946694516732709,0.203921409633274
"205",-0.452935991630282,-0.202469055792183,0.280443228796771
"206",-1.08091696654089,-0.23702378716575,-0.253402984460092
"207",-2.81631857422327,-0.499134055297361,0.210271421019971
"208",-2.65906862248471,-1.65314049406946,0.336537328789291
"209",-2.40940314387737,0.959133563585514,-0.0306175135004614
"210",-0.253247125387038,0.75044906819563,-0.011982489663526
"211",-0.848473443034859,0.364442571290079,1.84452082482623
"212",-1.1378627169741,-1.15425834608951,-1.57842727361101
"213",-1.30328853505792,-1.11735193891432,-1.66539125112155
"214",-1.89986252039533,-1.68966337324554,-1.45994487979564
"215",-2.28375378018526,-2.93052980869421,-1.57664977960671
"216",-1.76074984002269,0.0231303955779973,-0.0859575101488674
"217",-0.186066267682654,1.6924666769173,-1.11421598597125
"218",1.092238430496,1.35908541169724,0.5179708079101
"219",1.72931325430985,1.13601599121898,2.07678946967837
"220",0.583484370129933,1.55731845769021,2.99912012225319
"221",0.701891584545645,1.50923743883689,3.62115678033481
"222",0.186822324753841,0.0201357585875754,1.73425060451819
"223",-1.10486484652575,-0.460487746036782,2.21022701375718
"224",0.862860271910202,-0.199910135029011,0.126705412609578
"225",1.1803464707126,1.04989535152895,0.330574946397
"226",0.616768963710807,-1.57071406479358,-0.398215483330878
"227",-1.35961514669718,-1.8694468321291,-0.343519139757941
"228",-0.124443571964372,-1.69253858975987,-0.517218790556861
"229",-0.506507041408805,0.352664595409626,2.57121398868868
"230",0.780106830358998,1.01680018750946,-0.295581523109694
"231",1.38218395494405,1.57641128484914,0.810355076479532
"232",0.00367314060870072,-0.0130716699818776,0.811840323568618
"233",0.362720349498081,1.30504962682885,0.0855309791383487
"234",-0.228497616569742,0.962808877533504,0.65299217750663
"235",0.489942302775059,-0.848494262107281,-0.297420592574935
"236",-1.70033614640106,-0.625680359370431,0.117410260811748
"237",-0.736524828542003,-1.14666670315295,0.654851183895655
"238",-0.822518878695239,-1.48229362873383,-0.925552947604605
"239",0.513851276633354,1.7968289516871,-0.977370469062431
"240",0.50110525848201,0.385105447625416,0.0268614814715868
"241",0.61544016282368,1.17727732841624,-0.0720100276580771
"242",0.669524137993718,0.21633520909332,0.163977446034389
"243",1.24761473317363,0.488602446485949,-0.895878830258625
"244",-0.0295008447449059,-0.764617393090879,-0.66548897238518
"245",0.650311862498279,-2.38752591312377,-1.04576764340969
"246",-0.614026441071041,-1.08645843099216,-0.512062283068008
"247",-0.192047181342299,-0.982713294275169,-0.820951755140602
"248",-0.876447841348827,-2.54980683053242,-1.18503890927504
"249",1.06096330898104,-2.52882921073739,-1.80061053054329
"250",0.252363045280528,-1.09186230595553,-0.628321376483668
"251",-0.285119196282724,0.697488284812248,0.075827286996209
"252",-0.685713983122436,0.70514757566803,-0.96191346585803
"253",0.449120011060928,1.06679053053658,-0.440029198043061
"254",2.30883134015883,0.695810815194724,-0.334871825331801
"255",0.754110689641045,-0.304756045742949,-1.37270647338179
"256",0.398937616378589,0.589418133257728,-0.0942342386731252
"257",-0.227867863616349,1.20075859017581,0.996193206950624
"258",-0.661050362952827,0.489347203869244,-0.810874109734668
"259",0.204103395278641,-0.976900731179825,-0.791632370636097
"260",0.755776669055714,-1.97687588474951,-0.869396082240991
"261",-1.50435672110666,-2.65596322218405,-0.448136826000769
"262",0.500062611453457,-0.750210249697635,0.0218262572666295
"263",-0.0853005401164681,1.05104064736212,1.21583022401399
"264",1.55086401459086,0.797627220562742,1.39920371030981
"265",2.00311842046903,2.31833182109506,-0.0223950700536681
"266",-0.547943407735263,1.92044612091659,1.95465205910023
"267",0.11981276627466,0.442836396379041,0.502123782862728
"268",0.333132139789974,1.03893576621593,-1.31923703806432
"269",0.523964656168078,0.29277517654512,-1.70441402890702
"270",0.737590413001606,0.482570835768381,-0.797939369925943
"271",-1.13810354994143,2.25540611797573,-0.342199663945747
"272",1.37783685012835,-0.455549825230382,0.652223044009154
"273",0.981316743319766,1.25253831196743,0.32047947298643
"274",3.29028214320527,3.8101807743395,0.768947552174053
"275",1.68944868887642,2.14781631645415,3.84062270593506
"276",1.9152588318917,2.47439286704512,4.05121416444809
"277",0.416490880620033,1.51008273306848,1.92036232116503
"278",0.863725496479785,0.4647239800307,0.912444683127141
"279",-1.54722994355799,-1.44235443814955,-0.456913677382537
"280",-1.940589395969,-1.81899981660993,-1.98146330234973
"281",-2.60155832253646,-2.17137548498877,-0.884529072605193
"282",-0.254253701162706,-1.16697741214653,-1.46999983720418
"283",0.12714471766973,-1.7677572507873,-0.289294267566481
"284",-1.28326968665279,-1.62364433485635,-1.83367289335618
"285",-0.403232857671289,-0.42650347579799,-1.1687926271323
"286",0.468072406664325,-1.1415027566736,-0.586947302689933
"287",-0.410343821546431,0.504633995076958,0.0286648546622889
"288",0.280491797781311,1.23659752224285,0.0967572772064694
"289",0.858899389423549,0.189661976848558,-1.66958792434006
"290",0.661714982344184,0.0452904632485301,1.07603283512764
"291",1.78002126389944,0.671283707013967,1.12815158237631
"292",1.5317921302509,-0.0415678965683499,1.06102963607717
"293",0.808533564752101,-0.754160845021131,2.5929450289184
"294",1.18844611344916,1.6341327939062,-1.37435320649972
"295",0.649427884226853,1.08399737729735,1.64903677877716
"296",0.732236216708595,-0.849396810149013,-0.112189843104855
"297",0.69049207837436,-0.424637613391901,-0.759566325579878
"298",-0.328841958098469,-1.61380529020167,0.53286011289788
"299",-0.210038624317331,-0.476875871876147,-0.312823081754612
"300",0.411934890857737,-0.622335552456476,-0.463312507541428
"301",-0.394617629580939,0.715991999702656,-2.00694100899852
"302",-1.51173478808883,-0.579194899455048,-2.21980510869347
"303",-0.851197225286561,-0.233748711067114,0.539810816968761
"304",0.423377973721301,0.730674416672543,0.316935389741641
"305",-1.42607858479785,-0.689155829577588,1.1531715107146
"306",0.711622704170968,-0.488559224945669,-1.7184502371794
"307",0.324332802134073,-0.182210127279767,-1.0160777326702
"308",-0.0699454201573497,-2.29560715862997,-1.82663422709328
"309",-1.11805053015261,-1.05215599295067,-0.2526546089438
"310",-1.38548794335195,1.5374697857175,-0.341812392100213
"311",0.828817115256833,0.686264712175016,-0.0539823296372067
"312",-0.499685140503884,-0.770725544355989,0.931581402827516
"313",-0.774463793186905,-1.11570166749155,1.59885671760529
"314",-1.35728444344565,-1.12924402693464,0.847421875075168
"315",-1.96751677427479,-0.476538044172511,1.82430824770837
"316",-1.65993406043215,-1.61986657583431,-0.409674447987097
"317",-3.15903734125141,-1.78304285454334,-2.14767832435935
"318",-2.58198434564357,-2.66980961169006,-2.07395233465309
"319",-1.45511315018226,-2.11593652980461,-1.85341298530757
"320",0.21965459353455,0.27347562954532,-1.65603736767856
"321",-0.999905400339235,-1.35998585271264,-0.74955583311628
"322",0.0455668666360385,-0.505834272290109,1.31810501287096
"323",0.443639478420845,0.552201996386853,1.04623970871503
"324",1.82754382664601,0.834019049072586,-0.0964918264061732
"325",0.0544866675541239,1.0449317553971,-0.253234561748768
"326",-1.49318146380472,-0.941546949046579,-0.314591319031606
"327",-1.57361300096628,-1.48600525486239,-2.50226954309081
"328",-0.455671909113013,-1.84702267475365,-3.93981731493191
"329",-0.927417530189551,-0.760000493186366,-2.34280856043321
"330",-2.26690706493084,-0.0579595185025235,-2.15095287280691
"331",-1.66207001617667,-0.381117818161313,1.03976023217551
"332",-0.852064233185047,-1.50294255126726,-0.0947545018005157
"333",-1.18788821410003,-1.4847010394569,-1.54416398374713
"334",-0.236885150859023,-1.98305612606893,-3.32598896687141
"335",-1.05047799651632,-0.921502289558669,-0.515023747847235
"336",0.187892663157254,0.0251399093317053,0.286084423873679
"337",0.528162242390711,-0.303732160373973,2.19868752601662
"338",0.905387883357035,0.281961945514899,0.77983414241786
"339",2.22930687360796,-0.442064436535953,0.311714223707684
"340",2.03806066813522,1.39531070798091,0.394296507874333
"341",-0.0963153636029062,2.31837642862431,0.755185023056097
"342",1.11292531795727,1.38034435456848,0.762682809805806
"343",1.76490794085913,2.22864260513604,3.07899901895952
"344",1.42349288252777,3.15295447854923,0.346776971905083
"345",2.6438253897028,1.9160414137857,2.51132882370138
"346",1.75809426064183,0.91046460501929,2.39785566752168
"347",-0.0313323979591213,2.19421768051551,2.05050759633834
"348",0.151275939176736,0.443980425205409,1.089452833765
"349",-2.01091477241809,0.237420579728546,1.71633206364245
"350",1.18194119113728,-0.689171938336444,0.893672690378158
"351",0.101150539313678,2.17900818244363,0.852761966387454
"352",1.72263884159371,2.35452350191489,0.308936865805941
"353",0.573636314365426,2.15287224285438,2.52869131241993
"354",0.0852045242117232,2.65925171395265,1.78102421738738
"355",2.25501295974718,2.455461597108,2.65605756374983
"356",0.850999685150396,1.49828844816579,-0.685121195660328
"357",0.392265032913405,0.195647628667772,0.862275049994181
"358",0.550407198793306,1.72508711951293,1.96687319745722
"359",0.479599462638252,2.44255469940808,2.08456507779657
"360",-1.27344975422308,0.432594277995286,0.224520922980617
"361",-1.45002299893734,0.303586802477697,0.297796271894095
"362",-0.221965730205037,0.168829117585047,-0.202053369167542
"363",-0.449208578851916,-1.56478735445827,-1.24231755870803
"364",-0.592315183728511,0.21913900934574,0.225752514669644
"365",-0.427702213644946,-0.238168563421949,-1.46704570174634
"366",0.461570495335727,-0.502853316693626,-0.844154340611927
"367",0.939863768662175,-1.90445536040303,-1.50205798110897
"368",-0.640724962601732,-2.05684735286117,-0.621296390114977
"369",-1.60556659956575,-2.34597726647272,-1.43826408099481
"370",-0.391755893259669,-0.148259704351245,0.292415974251439
"371",2.50477820726826,1.43219296326827,1.99315594616559
"372",2.52242255880081,2.5952902864541,1.77244361181659
"373",4.25230703560057,2.90067544591126,2.44446325984711
"374",4.73027968351454,1.88026458522358,3.66290386103622
"375",3.08176312657692,2.48858573547656,2.44907206726464
"376",2.30853939760817,1.86517719860894,1.81355781105624
"377",1.76227179747156,1.57374914194733,-0.430547497302635
"378",-0.885556698207662,0.715763366133684,-1.05074044965486
"379",-0.518867849187151,-0.52069867469887,-0.539872491642403
"380",0.778436362726056,0.450252474266567,0.809906173015454
"381",0.482492753468378,2.11601171450425,-0.104277699113821
"382",0.437822943770043,1.31110833166622,0.894719043595584
"383",0.206354383539057,-0.353803947206048,1.28231933739166
"384",-0.010909347536386,-1.20807487777045,-0.471134555256323
"385",-1.06488001349132,-2.38805403361367,-1.01393074014124
"386",-0.869323134124217,-1.87947933892726,-1.15932533664469
"387",-1.30645913920986,-0.1039857549179,-1.91587069609267
"388",-0.63888233808755,-1.41456942667848,-1.64430128881486
"389",-1.85835462647183,-1.31279608397147,-1.9196373231056
"390",-1.78180863431731,-1.98219946437728,0.234755050727143
"391",-0.0724755976816813,-1.95954668270945,0.227347580381858
"392",-1.52128761794711,-2.18884140013469,0.39815527273635
"393",-1.52202759479724,-0.395881614078031,-0.862890314003168
"394",-0.851054286194374,-0.585622430289444,-2.67658078840983
"395",-0.348321394968735,-1.99610257984809,-0.426825359677153
"396",-1.91453657835603,-2.71407740888128,-0.569788327283528
"397",-1.53686170897069,-1.7141337219363,-2.20797591335351
"398",-1.89334446071145,-2.22504439643148,0.766374613170556
"399",0.216557582890481,-0.885043768661065,-0.951300503706134
"400",-0.0341948600971213,0.647743791552223,0.401447852565169
"401",0.236805261279454,-0.390022825974722,-1.38357466872356
"402",-0.959929657336312,-0.896709865832222,-1.10490787193023
"403",-2.15185077676329,-2.17851597906002,-0.641716000621377
"404",-0.0112677791605167,-0.689543230861957,-0.430652378517699
"405",-0.126904860335914,0.853188315977347,-0.232117097716862
"406",-0.792203734653709,1.04969838409405,0.648353638239541
"407",1.76580925554138,-0.508040993955228,0.502084847249219
"408",2.03043273758491,0.934314431241141,1.93391610574094
"409",1.25724611594441,2.33149334505678,1.32741431771371
"410",1.47810547023043,2.09210141066744,0.202488308287481
"411",0.65169562408641,1.76822211548423,3.37023454322103
"412",2.14377504517654,2.29890095870918,2.0565661152166
"413",0.638229773830854,0.48911810381576,1.67213697949815
"414",2.62204084131213,1.74751129394739,2.10691327709208
"415",0.326870561112061,1.13819978828563,0.393087493572868
"416",1.09900120577337,0.890829871751904,-0.149881112588084
"417",1.3507848600138,0.525140038386884,0.0855683258754065
"418",1.26729933912044,-1.22819703757028,1.90502065434399
"419",0.154849100104153,0.825354430970856,0.69938229977549
"420",-0.235263986904384,-0.852432629341531,0.47483067382098
"421",-2.28045167803756,-1.02267176228221,-0.553059963978032
"422",-1.76783143468404,-0.564045558043599,-1.39974875266104
"423",-1.85827673618215,-1.95150643846526,-0.709861607061344
"424",-1.55573917481673,-0.228286095248543,-2.34364785109627
"425",0.687481816547695,-1.2502476896307,-1.42142110349625
"426",-0.53021623834646,-0.330243135541012,-2.23765861229759
"427",0.268194707107116,0.63148490026498,-2.51175950796079
"428",-2.39494048674263,-0.391556193460076,-2.40835322075347
"429",-0.67336601731373,-0.534719967221754,-1.13789001362269
"430",0.511480894858842,0.878221077002429,-0.186035655348733
"431",0.35221227038356,0.194699164210159,-1.4461356814201
"432",-0.157949029545117,0.951470604474725,0.136960563592745
"433",0.894308989890499,2.49976207465832,0.781491207827354
"434",1.85682094988059,0.590084351314675,0.569018869319493
"435",0.966721500692781,0.502631710078983,1.39094780797261
"436",2.18367324608748,-0.14113000216925,0.753842439020699
"437",-0.0559967030980453,-1.39894755093037,0.482345179847732
"438",-0.335704043471224,-0.00786707691014288,-0.0324172466533661
"439",0.38691757476481,-2.52448753972612,-1.09786458723955
"440",-0.0659385105495649,-2.95290578232806,-2.02032968115518
"441",-0.0781392448063594,-0.330157694320199,-0.82247641935041
"442",0.309591805949425,-1.55717734980307,-0.693956190154867
"443",1.70458713424895,0.376544952332502,1.11751362228906
"444",1.1210527448509,0.16593160333809,0.562818797089738
"445",1.19025543701483,-0.671681200148043,0.322225587393175
"446",0.674874466866193,0.932497614371866,0.216791641357272
"447",0.325973241278968,0.698502276829443,0.0114194366351162
"448",0.700436974585811,-0.373927110539689,-0.754714082809971
"449",-0.739532283203384,-0.541953190770126,-0.406910994834808
"450",-1.30595185109368,1.21412409063832,-0.443537705053012
"451",-1.38689219960754,0.679641076867467,-0.926762944168987
"452",-0.900785497514369,-0.111841585415556,0.296172473941513
"453",0.167784508176016,-1.32396047084164,-1.42885599644368
"454",-0.134966568766907,0.534601610553507,-0.825156760516306
"455",1.5266407781825,0.86898095949485,-1.12292501258723
"456",-0.0695497179496638,0.762599790838466,-0.775371223008653
"457",0.198113416887281,-0.985126799679284,-0.990445305434539
"458",-0.1815672044951,-0.501941518881643,-0.812704817147498
"459",-0.562475645377021,-1.21647886330203,-0.305096546349896
"460",-0.957632966586646,-0.906635311622023,-0.204920958908219
"461",0.134839589303779,1.5395490093364,0.481859214736872
"462",1.19298204786454,-0.442344830201377,-1.36381161529087
"463",-0.519152902955031,1.26385861233731,0.42333717849181
"464",1.49455742234106,1.5918161739079,1.55513414994801
"465",-0.490528106149224,-0.209010077400672,1.49680194225022
"466",-0.637452292062903,0.0612751998222588,1.69136138133191
"467",1.31460469284023,-0.272097626374211,1.21087663355451
"468",1.29159367239949,0.155088019289061,0.00592364686071212
"469",0.671943004846385,0.619112959190217,1.37422320090459
"470",0.551120424212376,1.04039042662815,-0.534381778238826
"471",0.139878896669922,0.938945752867798,0.43303455140476
"472",0.107784746885383,0.532819919743042,-1.01045077755381
"473",-0.476090862977852,0.145929833664309,-1.33267758821225
"474",-0.571945064068921,-0.765588280827613,-0.697664382173971
"475",-1.0436675615406,-1.0338806752983,-2.52681720860886
"476",-0.397741913903268,-1.94131014145826,-1.65425236708035
"477",-1.94607532668141,-0.434195974527849,-0.648542805791082
"478",-1.23337552376634,-0.80771120978921,-0.247461411622137
"479",-0.466707760130895,0.193285475547348,1.18368816226589
"480",-0.160251651905679,2.04767846013849,-0.466524868179281
"481",-0.313660835888389,0.256821808020286,-0.468162549420679
"482",-0.687078554346541,-1.67593686976054,-0.123462704519912
"483",1.00470743150802,-0.857245919584963,-0.535987388145034
"484",0.0220824158635094,-0.467847795961408,-0.652232812323656
"485",-2.38589596622828,-1.42329751533708,-2.7022492148925
"486",-0.387319443674265,-1.22679790974663,-0.655580939904208
"487",-0.0486850526162453,-0.30120972460607,-1.59929924315133
"488",-0.809862741698868,-0.56268725928524,0.0830495385409101
"489",-1.87060961576613,-0.189248348816993,-0.78053932463818
"490",-0.757216293683508,-0.269348230602689,-1.63786722892506
"491",-2.01753805029069,-0.254442638768926,-1.03498599412193
"492",-2.40933597624398,-1.9344254148692,-0.983714848966541
"493",-1.65368541798473,0.535680464645433,-0.300266024827149
"494",0.000831303543322726,0.179504360278502,2.48763072353253
"495",-0.488608034528163,1.72421037339879,0.261221578351646
"496",-0.0600109933078488,0.708567432683027,-1.30359100330321
"497",1.22337568259718,0.249935004468314,0.077666764507074
"498",-0.223289086801457,-0.429936545273056,-1.55254252849712
"499",0.677755938951251,-0.111232572354522,-0.573537952413642
"500",-0.289380069202838,-0.407552888365826,-0.308507366893883
