"ID","ANG","DYS","FEA","SAD","REL","HAP"
1,1,5,4,4,2,2
1,2,5,3,5,5,5
1,-3,6,2,3,5,5
1,1,6,3,5,3,3
1,2,5,2,2,5,4
1,3,2,1,2,6,5
1,2,5,2,4,3,3
1,-2,5,2,3,2,3
1,-3,5,1,3,4,4
1,2,5,2,3,5,4
1,3,3,2,2,5,5
1,3,5,2,2,5,5
1,3,3,1,2,6,5
1,3,5,2,2,2,4
1,2,5,2,5,4,3
1,-3,6,2,5,4,3
1,3,5,2,2,5,5
1,0,6,2,5,5,3
1,2,5,2,3,5,4
1,3,5,2,2,5,5
1,1,5,2,3,4,4
1,-3,5,2,4,3,3
1,0,5,2,5,3,3
1,0,6,1,5,2,4
1,1,3,2,3,5,4
1,2,5,2,5,4,4
1,0,5,1,3,4,4
1,1,4,1,4,4,3
1,2,5,1,3,5,4
1,2,4,1,2,5,5
1,3,6,2,5,4,3
1,-3,5,2,5,3,3
1,2,5,1,3,4,4
1,2,5,2,3,4,4
1,2,4,2,3,5,4
1,-1,4,2,2,4,4
1,0,3,2,3,4,5
2,3,2,3,1,5,6
2,1,2,2,1,4,5
2,2,4,2,1,3,4
2,1,6,4,4,2,4
2,-1,4,3,4,4,4
2,1,3,1,2,4,4
2,2,4,2,4,4,4
2,1,4,2,3,2,3
2,2,3,3,3,3,4
2,2,4,2,2,4,4
2,1,4,2,3,2,4
2,0,4,3,2,2,3
2,2,5,5,3,4,4
2,-3,4,4,3,4,4
2,-3,6,4,4,4,2
2,2,6,5,4,3,3
2,1,4,4,3,4,4
2,-2,5,3,4,2,4
2,2,4,3,3,4,5
2,1,4,4,3,2,4
2,0,4,3,3,4,4
2,0,3,2,3,4,4
2,1,4,3,3,4,3
2,2,3,3,3,4,4
2,0,4,3,4,4,3
2,3,4,3,3,5,5
2,0,5,3,3,2,4
2,1,6,3,3,3,4
2,1,6,5,5,2,2
2,1,5,5,4,2,2
2,0,5,3,5,3,2
2,-1,5,4,3,4,2
2,1,6,4,4,4,3
2,0,4,4,3,4,4
2,3,4,3,2,4,4
2,3,4,3,3,3,4
2,3,4,3,2,4,4
2,3,5,4,3,3,4
2,0,4,5,3,3,4
2,2,5,2,4,3,4
2,2,4,4,2,3,4
2,1,6,7,2,3,3
3,-2,6,2,6,2,1
3,0,6,2,6,2,2
3,1,6,4,6,2,2
3,0,6,2,2,2,2
3,1,5,2,3,2,2
3,2,2,2,2,4,2
3,1,2,2,4,4,3
3,1,4,2,6,2,2
3,1,4,1,4,4,4
3,1,6,3,7,2,2
3,1,4,2,4,3,1
3,2,6,5,5,2,2
3,1,4,2,4,4,4
3,2,3,2,4,2,2
3,1,3,2,5,2,2
3,1,3,2,4,2,2
3,2,2,2,3,2,2
3,-1,5,2,7,2,2
3,0,5,2,6,2,2
3,2,3,2,2,3,2
3,2,2,2,5,4,4
3,2,5,2,6,2,2
3,1,5,4,6,2,2
3,1,4,3,4,2,2
3,1,6,2,4,2,3
3,2,4,2,5,2,2
3,2,3,2,4,5,3
3,1,3,2,4,2,2
3,0,5,2,4,2,3
3,2,2,2,3,4,4
3,1,4,5,5,3,2
3,1,2,2,5,2,2
3,0,4,1,4,4,1
3,1,4,2,3,3,4
3,2,2,2,2,4,2
3,2,3,2,2,4,1
3,2,4,2,2,4,3
3,2,3,1,3,4,2
3,1,6,2,2,3,2
4,3,1,3,1,4,3
4,3,1,1,1,6,5
4,-3,1,1,1,5,5
4,3,1,1,2,5,4
4,3,1,1,1,6,5
4,3,1,1,1,6,4
4,3,1,1,1,6,4
4,3,3,2,3,4,3
4,3,1,2,2,5,3
4,3,1,1,2,5,4
4,3,1,1,1,6,4
4,1,2,2,2,5,3
4,2,1,2,2,3,4
4,2,1,1,1,5,5
4,3,2,1,2,3,4
4,-1,2,2,1,4,3
4,3,2,1,2,4,3
4,-1,2,1,2,5,4
4,2,1,1,1,4,5
4,-1,3,2,4,3,2
4,-2,3,2,5,3,2
4,3,1,2,2,4,5
4,-1,2,2,3,5,3
4,-1,1,1,4,5,3
4,-1,4,2,3,4,3
4,-1,3,2,5,4,2
4,0,3,1,5,4,3
4,1,1,2,4,4,2
4,1,1,1,2,4,3
4,3,1,1,2,5,4
4,-1,3,1,5,4,4
4,3,1,2,2,5,4
4,3,2,4,4,3,2
4,1,1,2,2,5,4
4,3,1,1,2,4,5
4,1,1,2,3,2,2
4,2,1,1,2,5,4
4,-1,1,1,3,5,3
5,1,3,1,2,3,4
5,2,5,2,2,3,2
5,2,4,1,1,3,4
5,-3,6,2,6,1,1
5,2,3,1,3,3,3
5,2,1,1,2,4,6
5,1,4,1,1,4,4
5,-2,5,1,2,3,4
5,3,1,1,1,5,6
5,3,2,1,2,3,3
5,2,1,1,1,5,5
5,2,4,1,1,4,3
5,2,6,1,1,3,4
5,0,3,1,2,2,3
5,0,4,1,1,5,5
5,-2,3,1,1,5,5
5,3,2,2,1,5,5
5,-2,1,1,1,4,4
5,1,3,3,2,4,4
5,2,4,1,1,3,4
5,2,5,1,1,4,4
5,1,3,1,1,4,3
5,3,3,1,2,3,4
5,2,2,1,1,4,3
5,2,3,1,1,4,5
5,2,2,1,1,4,4
5,3,3,1,1,5,5
5,1,5,1,1,5,4
5,3,3,1,1,6,6
5,3,3,1,1,6,5
5,2,7,2,3,3,2
5,2,2,1,1,6,5
5,3,4,1,1,6,5
6,3,1,4,6,5,1
6,1,5,5,4,3,1
6,1,4,5,4,2,3
6,0,5,5,3,3,2
6,2,2,5,4,3,2
6,2,2,2,2,5,5
6,2,4,4,4,4,3
6,1,2,4,4,4,4
6,0,4,2,4,5,2
6,1,2,4,4,5,2
6,-2,5,4,4,3,2
6,1,4,5,5,2,3
6,0,5,4,5,4,3
6,2,2,4,3,4,4
6,0,1,3,3,3,2
6,0,4,3,4,4,4
6,2,2,4,2,4,3
6,2,2,3,3,4,4
6,2,4,5,4,3,2
6,1,1,2,3,5,3
6,2,1,2,4,5,4
6,1,2,2,3,5,4
6,2,3,1,4,3,3
6,2,1,1,3,4,4
6,0,2,4,3,3,3
6,1,1,5,3,4,4
6,2,2,5,3,4,4
6,1,3,2,3,4,3
6,-1,2,5,4,4,2
6,0,4,5,5,4,3
6,2,4,5,3,4,3
6,2,2,5,4,3,4
6,0,4,5,4,2,2
7,2,4,4,3,1,2
7,-1,1,3,3,2,2
7,3,2,2,2,3,5
7,2,2,2,3,2,4
7,2,2,2,3,4,3
7,1,2,3,3,3,4
7,0,1,3,3,2,3
7,1,1,2,2,3,5
7,-2,3,2,4,1,2
7,-1,1,2,3,2,2
7,0,6,4,4,2,6
7,0,5,5,4,2,5
7,0,3,2,3,2,5
7,2,1,2,4,3,4
7,0,1,1,3,5,5
7,1,3,4,4,2,2
7,1,2,4,3,2,5
7,1,1,2,2,4,4
7,1,1,1,2,4,4
7,-2,1,1,2,5,5
7,3,2,2,4,4,4
7,2,2,2,4,3,4
7,1,1,3,3,3,4
7,2,2,2,2,4,5
7,2,2,1,2,5,4
7,1,1,2,3,5,4
7,1,1,2,3,4,4
7,1,1,2,3,5,5
7,1,2,3,3,2,4
7,1,2,4,3,2,4
7,-1,1,2,4,2,4
7,1,2,4,4,2,4
7,1,1,2,5,1,2
7,1,2,4,4,2,4
7,2,2,3,4,2,4
7,1,2,3,4,2,3
7,-1,2,4,4,3,4
7,1,2,2,4,4,4
7,1,2,3,4,2,4
7,1,1,4,4,3,4
7,-2,2,2,4,3,4
8,0,6,1,3,2,2
8,2,2,1,3,1,2
8,-2,2,2,2,4,5
8,-1,6,1,2,2,3
8,1,2,1,2,3,2
8,3,1,1,2,4,5
8,2,3,1,3,3,3
8,0,5,2,2,1,2
8,0,5,2,2,1,2
8,2,1,1,2,6,4
8,3,1,1,2,6,4
8,3,2,1,2,4,3
8,2,2,1,3,5,4
8,3,2,2,2,3,4
8,2,6,2,6,2,4
8,2,2,2,2,6,4
8,3,1,1,5,2,3
8,0,6,2,5,1,2
8,2,3,2,4,2,4
8,2,2,1,1,4,3
8,0,2,2,2,4,4
8,2,2,2,2,2,5
8,2,5,2,6,1,2
8,3,2,1,1,5,5
8,2,3,2,3,2,2
8,2,4,1,2,5,6
8,1,2,1,2,2,5
8,3,2,1,2,5,6
8,3,2,1,2,6,5
8,2,4,1,2,4,4
8,2,1,1,1,6,5
8,1,5,1,4,2,3
8,-2,7,4,1,2,3
8,3,2,1,2,5,5
9,-1,5,2,6,3,2
9,-3,5,2,5,4,2
9,1,4,2,4,2,3
9,0,4,1,4,3,2
9,1,2,1,2,5,4
9,-2,3,2,4,1,3
9,0,3,1,2,4,4
9,-1,5,1,4,3,3
9,1,4,1,5,4,4
9,1,3,1,2,3,2
9,-2,6,1,5,2,2
9,1,5,2,6,3,2
9,-2,3,2,5,2,1
9,1,4,1,5,4,2
9,0,3,1,3,4,3
9,0,5,1,2,5,3
9,-2,3,2,4,3,3
9,-3,3,1,4,3,3
9,1,4,1,3,2,3
9,0,3,2,4,1,2
9,1,3,2,3,3,2
9,2,4,3,3,3,4
9,1,4,1,2,3,3
9,2,3,1,2,4,4
9,1,4,1,4,2,2
9,-3,4,3,7,1,1
9,1,5,1,3,4,4
9,-2,3,2,5,2,2
9,1,4,1,3,4,4
9,-3,4,1,5,3,3
9,-3,4,2,5,3,2
9,1,3,1,5,4,3
10,2,2,1,1,5,4
10,3,1,1,1,5,5
10,3,1,1,1,5,5
10,3,1,1,1,5,5
10,3,1,1,1,6,6
10,3,3,1,2,4,6
10,3,1,1,1,6,6
10,2,1,1,1,6,6
10,3,2,1,1,4,4
10,2,2,1,3,4,1
10,1,3,1,1,4,4
10,3,3,1,1,4,5
10,3,3,1,2,2,1
10,2,1,1,1,2,2
10,3,2,1,1,4,4
10,3,1,1,1,3,4
10,2,1,1,1,4,4
10,3,1,1,1,5,5
10,3,1,1,1,5,6
10,3,1,1,1,4,4
10,2,3,1,1,3,3
10,1,2,1,1,4,4
10,-3,5,1,5,1,1
10,3,2,1,3,3,4
10,3,1,1,1,4,4
10,2,1,1,1,4,4
10,-2,3,4,1,1,4
10,-2,3,1,1,4,3
10,3,2,1,1,3,4
10,3,1,1,1,6,6
11,3,1,1,1,3,4
11,2,4,1,1,4,4
11,-1,4,1,3,4,3
11,2,4,1,4,4,4
11,1,1,1,2,3,3
11,0,1,6,1,6,5
11,3,3,1,1,6,5
11,3,4,1,1,5,5
11,0,4,4,1,1,4
11,0,4,1,5,4,4
11,2,4,1,4,1,4
11,2,4,1,1,4,5
11,3,4,1,1,4,4
11,3,4,1,3,4,4
11,3,4,1,1,4,1
11,2,1,1,1,6,6
11,3,4,1,1,3,5
11,3,1,1,1,4,6
11,3,1,1,1,6,6
11,3,1,1,1,5,5
11,3,1,1,1,5,6
11,3,1,1,1,5,1
11,3,1,1,1,5,5
11,2,1,1,1,5,5
11,3,4,1,1,5,5
11,3,1,1,1,6,6
11,3,1,1,1,6,6
11,3,1,1,1,5,5
11,3,3,1,2,4,4
11,3,2,1,1,5,5
11,3,2,1,3,3,4
11,-2,2,1,3,4,4
11,2,2,1,2,3,4
11,-2,3,1,2,4,3
11,2,2,1,1,4,5
11,3,2,1,1,4,4
11,3,2,1,1,3,4
11,2,2,1,1,4,4
11,1,2,1,1,4,4
11,0,4,1,2,2,2
11,-1,2,1,2,4,1
12,3,3,4,1,1,4
12,3,3,3,1,1,4
12,3,4,1,1,4,5
12,3,2,1,1,3,4
12,0,6,4,2,1,1
12,0,4,1,3,4,3
12,3,4,1,1,4,3
12,0,4,1,1,4,6
12,3,1,1,2,6,6
12,0,6,3,1,3,4
12,3,4,1,2,4,4
12,3,4,2,2,4,7
12,3,4,2,1,1,4
12,3,4,1,1,3,4
12,3,4,1,1,4,4
12,0,4,1,1,1,3
12,3,3,1,1,4,5
12,3,2,1,1,5,6
12,3,1,1,1,4,6
12,0,4,2,2,4,3
12,3,3,1,1,4,5
12,3,1,1,1,4,7
12,3,7,1,1,1,5
12,3,3,1,1,3,4
12,-3,5,1,2,3,3
12,0,3,1,2,1,4
12,3,6,5,4,3,3
12,3,1,1,1,4,4
12,0,4,2,2,3,4
12,0,5,1,1,3,3
12,0,4,1,1,4,4
13,1,5,5,5,2,2
13,0,4,5,5,3,2
13,1,5,4,5,4,3
13,0,5,4,4,3,3
13,2,1,1,3,5,4
13,-3,1,6,1,1,1
13,1,2,4,4,2,2
13,-1,1,1,4,3,2
13,0,3,1,4,4,3
13,2,2,2,2,5,2
13,2,3,2,3,4,2
13,1,2,5,3,2,2
13,-1,5,5,5,1,1
13,-2,3,2,3,1,1
13,-2,2,4,5,3,2
13,-1,2,4,2,2,2
13,0,2,2,2,3,1
13,1,1,1,3,3,2
13,0,1,1,3,4,2
13,2,1,1,2,3,2
13,0,4,4,4,3,2
13,1,3,3,3,3,2
13,2,5,5,6,1,1
13,2,2,2,2,4,4
13,2,2,3,2,4,5
13,1,4,4,4,3,2
13,0,2,2,2,4,4
13,1,1,2,3,4,4
13,2,2,1,3,4,4
13,1,1,1,2,2,4
13,2,2,2,4,3,2
13,2,2,1,1,3,3
13,2,1,1,1,3,1
13,2,2,2,2,2,2
13,1,1,1,3,4,2
13,2,2,1,2,4,2
14,2,1,1,1,6,6
14,3,1,1,1,7,5
14,3,1,1,1,6,6
14,2,1,1,1,7,5
14,3,1,1,1,7,7
14,2,1,1,1,7,4
14,3,1,1,1,6,6
14,1,3,2,3,4,4
14,3,2,1,2,4,5
14,3,1,1,2,5,5
14,3,1,1,1,7,7
14,3,1,1,1,7,7
14,3,1,1,1,5,4
14,-1,3,1,1,4,4
14,3,1,1,1,7,6
14,3,1,1,1,4,5
14,-1,2,1,2,4,4
14,-1,4,1,4,4,3
14,-2,3,1,1,2,5
14,3,3,1,2,2,3
14,2,2,1,1,4,5
14,3,3,1,2,5,5
14,2,4,1,3,4,5
14,3,1,1,1,6,6
14,3,1,1,1,7,7
14,3,1,1,1,7,7
14,3,1,1,2,6,6
14,3,1,1,1,7,7
14,3,1,1,1,7,6
14,1,1,1,1,7,7
14,2,2,1,1,6,6
14,2,1,1,1,6,6
14,3,5,3,5,2,2
14,2,1,1,1,6,6
14,3,1,1,1,6,7
14,3,1,1,1,6,6
14,2,1,1,1,6,6
14,3,1,1,1,7,7
14,3,1,1,2,5,6
14,3,1,1,1,6,7
14,3,1,1,1,6,6
14,3,1,1,1,7,6
14,1,1,1,1,4,5
14,3,1,1,1,6,7
14,3,2,1,2,4,3
14,2,4,1,1,5,4
14,3,1,1,1,7,6
14,3,1,1,1,7,6
14,2,1,1,1,7,7
15,-3,1,1,1,4,5
15,3,1,1,1,5,5
15,3,1,1,1,6,6
15,3,1,1,1,6,6
15,2,1,1,1,6,5
15,-2,1,1,1,5,5
15,0,1,1,1,5,5
15,2,1,1,1,6,6
15,-3,1,1,1,4,4
15,3,1,1,1,7,7
15,3,1,1,1,5,5
15,2,1,1,1,5,5
15,3,1,1,1,6,5
15,3,1,1,1,6,6
15,2,1,1,1,5,5
15,3,1,1,1,5,5
15,2,1,1,1,4,4
15,-2,1,1,1,4,5
15,2,3,1,1,4,5
15,3,1,1,1,6,6
15,2,3,1,1,5,4
15,3,1,1,1,6,6
15,3,1,1,1,5,6
15,-3,1,6,1,1,5
15,2,1,1,1,5,5
15,3,1,1,1,6,6
15,3,1,1,1,6,6
15,3,1,1,1,6,6
15,3,1,1,1,6,6
15,3,1,1,1,5,5
15,3,1,1,1,6,6
15,3,6,6,1,2,1
15,-2,1,1,1,2,4
15,0,2,1,1,2,5
15,3,1,1,1,5,4
15,3,1,1,1,6,6
15,3,1,1,1,6,6
15,3,1,1,1,6,6
16,2,3,2,4,3,4
16,1,1,1,1,4,5
16,2,1,1,2,4,4
16,3,1,2,3,4,4
16,0,5,3,5,6,2
16,2,5,1,2,4,4
16,1,4,3,4,3,3
16,-1,2,2,4,4,4
16,-3,3,2,3,6,4
16,0,3,4,4,4,4
16,-1,1,1,3,4,1
16,2,1,1,4,4,4
16,3,4,2,3,3,4
16,2,4,1,4,3,4
16,3,1,1,2,4,5
16,1,1,1,1,5,5
16,2,4,1,4,4,4
16,1,1,4,1,4,5
16,-2,3,1,3,2,2
16,-2,2,1,3,4,4
16,-1,1,1,4,4,4
16,2,1,2,2,2,5
16,-1,1,1,1,3,5
16,0,2,4,4,4,3
16,1,1,1,4,4,4
16,0,1,1,1,6,5
16,2,1,2,3,2,2
16,2,4,1,6,1,2
16,0,5,4,7,2,2
16,1,3,2,4,4,3
16,2,1,2,4,4,5
16,3,2,1,2,4,5
16,2,2,2,4,4,4
16,1,5,2,5,3,3
16,2,1,4,4,3,4
16,2,1,4,4,4,4
16,1,4,3,4,4,4
16,2,1,2,3,4,4
16,0,1,1,4,4,4
16,-3,1,1,4,4,4
16,2,1,3,4,4,4
16,2,1,3,5,4,3
16,2,1,1,3,3,3
17,3,1,1,1,7,6
17,3,1,1,1,6,5
17,-1,1,1,1,6,6
17,1,1,1,1,4,5
17,2,3,1,1,1,1
17,2,6,1,4,1,1
17,-2,1,1,1,1,1
17,3,1,1,1,7,6
17,3,1,1,1,6,6
17,-2,7,1,4,4,1
17,3,6,1,5,2,1
17,2,6,1,4,1,1
17,-1,6,4,1,1,1
17,2,1,1,5,1,1
17,2,1,1,1,5,5
17,-2,1,1,1,6,5
17,3,1,1,1,5,5
17,2,1,1,1,5,6
17,3,1,1,1,6,5
17,-3,4,1,1,6,4
17,2,1,1,4,4,1
17,-3,4,1,1,4,4
17,3,4,1,4,4,1
17,-3,6,1,4,5,1
17,2,4,1,4,4,4
17,3,1,1,1,1,4
17,0,1,1,1,4,3
17,3,1,1,1,4,4
17,2,1,1,1,5,4
17,3,1,1,1,5,4
17,-2,1,1,1,5,5
17,3,1,1,1,6,5
17,3,1,1,1,5,5
17,-1,1,1,1,6,5
17,3,1,1,1,1,4
17,2,1,1,3,4,4
17,-1,1,1,3,3,1
17,-2,1,1,4,4,1
18,3,6,2,4,4,5
18,-1,6,4,4,2,3
18,2,6,2,4,2,4
18,2,6,3,5,2,2
18,3,4,2,2,3,5
18,-2,4,2,4,3,4
18,2,5,2,2,2,5
18,2,3,1,2,4,5
18,1,2,2,2,5,5
18,3,4,2,3,3,5
18,2,3,2,2,5,4
18,0,4,2,3,4,3
18,3,5,2,2,3,5
18,1,5,2,4,2,4
18,-2,3,1,2,4,4
18,1,2,1,1,6,5
18,0,6,1,3,4,4
18,2,6,2,4,2,4
18,0,5,3,4,1,3
18,2,4,2,2,2,5
18,-3,5,4,6,2,2
18,1,4,2,5,3,3
18,2,4,1,2,4,5
18,3,5,2,2,5,4
18,2,4,2,2,5,5
18,2,3,1,1,5,5
18,2,3,1,2,5,6
18,2,2,1,1,6,5
18,2,3,1,1,6,5
18,3,2,1,1,5,5
18,2,3,3,2,4,5
18,2,4,1,4,4,5
18,1,3,2,1,4,4
18,1,4,2,2,2,4
18,3,3,1,1,6,5
18,-1,5,1,2,2,3
18,3,4,3,4,5,4
18,-1,5,2,3,2,3
18,2,4,1,2,3,5
18,3,1,1,1,5,6
18,0,5,1,4,5,4
18,2,5,2,4,4,3
18,-1,7,3,5,1,2
18,2,1,1,1,5,5
18,2,4,1,2,5,5
19,-2,5,2,3,2,4
19,1,6,5,6,2,2
19,3,3,2,2,4,6
19,1,4,2,3,4,5
19,-2,6,2,5,2,3
19,1,6,2,3,2,2
19,0,2,1,3,6,6
19,3,3,2,4,4,5
19,2,2,1,2,6,6
19,-1,4,2,3,2,4
19,1,5,5,6,2,2
19,-2,4,3,2,3,5
19,-2,3,2,3,4,5
19,-1,2,2,2,5,6
19,3,2,2,2,5,5
19,0,5,4,3,2,2
19,-1,3,2,3,5,5
19,1,5,2,4,3,3
19,-2,4,6,4,2,2
19,2,3,4,2,3,6
19,-2,4,2,3,5,6
19,1,4,2,3,4,3
19,0,5,4,3,3,5
19,-1,5,4,5,2,2
19,-1,4,5,2,2,4
19,1,4,5,3,2,4
19,-1,5,2,3,3,3
19,1,5,1,2,4,5
19,2,3,2,3,5,5
19,-2,4,2,3,5,5
19,1,4,1,3,4,5
19,-2,2,1,2,6,6
19,2,5,5,3,2,2
19,3,4,1,2,6,5
19,0,4,1,2,6,6
19,3,2,1,2,6,5
19,-3,4,2,3,2,4
19,2,4,2,2,4,5
19,2,5,2,3,2,4
19,-2,6,5,5,2,2
19,2,3,2,3,3,5
19,-3,5,2,5,2,3
19,1,5,2,4,3,3
19,2,5,2,6,3,4
20,1,5,4,4,3,4
20,1,4,3,3,3,3
20,1,5,2,4,2,4
20,2,2,2,5,6,5
20,2,5,2,5,4,3
20,1,4,2,5,5,4
20,1,4,2,3,6,5
20,1,5,2,6,5,4
20,2,3,1,4,5,4
20,-1,3,1,3,5,5
20,-2,4,1,4,5,5
20,1,4,1,2,5,5
20,1,3,1,3,5,5
20,1,2,1,2,5,5
20,2,1,1,2,6,6
20,0,4,1,2,5,5
20,3,3,1,2,6,6
20,1,4,1,2,5,5
20,-3,7,1,6,1,2
20,3,7,1,6,6,2
20,-2,5,1,3,4,4
20,3,3,1,3,5,5
20,2,3,1,2,6,5
20,3,3,1,2,5,5
20,2,4,1,2,5,5
20,3,2,1,2,6,5
20,3,2,1,2,5,5
20,3,1,1,2,6,6
20,2,1,1,1,6,6
20,2,4,1,2,5,5
20,1,3,1,3,6,4
20,2,4,1,2,5,5
20,2,4,1,2,2,4
20,1,2,1,3,4,4
20,0,2,1,2,5,5
20,0,3,1,2,4,3
20,2,4,1,5,4,3
20,2,2,1,2,5,5
21,0,4,2,2,4,6
21,3,2,2,2,4,6
21,2,2,1,1,6,6
21,2,2,1,1,5,6
21,-1,1,1,1,6,6
21,2,3,2,1,5,5
21,2,3,1,3,4,5
21,-2,1,1,3,6,5
21,2,3,1,1,5,5
21,2,2,1,2,6,6
21,0,1,1,1,7,6
21,0,2,1,1,5,6
21,1,1,1,2,7,1
21,1,2,1,1,7,6
21,-2,2,1,1,5,6
21,2,2,1,1,6,6
21,1,1,1,2,6,6
21,1,2,1,1,6,6
21,3,1,1,1,6,6
21,-1,1,1,1,6,6
21,1,2,1,1,2,6
21,1,2,1,1,6,6
21,1,1,2,3,6,5
21,1,1,1,2,6,6
21,0,2,1,2,5,5
21,1,2,1,2,3,6
21,-1,2,2,2,5,5
21,1,2,1,1,5,6
21,-2,2,1,2,5,5
21,0,2,1,1,6,6
22,2,1,1,2,6,6
22,2,1,1,2,6,6
22,3,1,1,1,5,6
22,2,1,1,1,6,5
22,2,1,1,2,3,5
22,2,1,1,3,6,4
22,3,1,1,1,6,6
22,2,1,1,1,5,6
22,2,1,1,1,6,6
22,2,1,1,1,6,6
22,3,1,1,1,6,6
22,2,1,1,1,6,6
22,2,1,1,1,6,6
22,2,1,1,1,6,6
22,2,1,1,1,6,6
22,0,1,1,1,5,5
22,-2,1,1,3,4,4
22,0,2,2,2,4,4
22,1,1,1,2,5,4
22,1,1,1,3,4,4
22,2,1,1,1,5,5
22,2,1,1,1,2,4
22,-1,1,1,1,5,6
22,1,1,1,1,5,6
22,2,1,1,1,6,6
22,2,1,1,1,6,6
22,3,1,1,1,6,6
22,-1,1,1,2,4,4
22,2,1,1,1,5,6
22,2,1,1,1,6,5
22,2,1,1,1,5,6
22,0,1,1,2,4,4
23,1,3,1,2,5,1
23,2,1,1,1,6,4
23,2,1,1,1,4,5
23,3,3,1,5,4,4
23,1,1,1,2,3,4
23,1,5,1,1,5,3
23,2,1,1,1,5,5
23,2,1,1,1,4,3
23,3,2,1,2,5,5
23,2,1,1,1,3,6
23,3,1,1,1,5,5
23,-3,4,1,1,4,1
23,-3,1,1,1,5,2
23,2,1,1,1,4,4
23,2,1,1,2,3,5
23,3,1,1,1,4,5
23,2,1,1,1,6,5
23,3,1,1,1,5,4
23,2,1,1,1,5,4
23,3,1,1,1,5,5
23,-3,3,1,1,1,1
23,-1,3,1,2,4,3
23,2,1,1,3,4,2
23,-1,4,1,5,3,2
23,-1,1,1,1,4,4
23,2,4,1,5,2,2
23,3,1,1,3,5,5
23,3,1,1,1,5,6
23,3,1,1,1,5,6
23,2,1,1,1,4,4
23,2,2,1,3,3,3
23,3,1,1,1,5,5
23,3,1,1,1,5,5
23,1,2,1,1,4,4
23,2,1,1,1,5,4
23,2,1,1,1,5,5
23,2,1,1,2,4,4
23,2,1,1,1,5,4
23,2,1,1,1,6,6
23,3,1,1,1,5,5
24,0,5,1,1,1,3
24,-1,5,4,4,1,2
24,3,3,1,1,4,5
24,-2,4,1,1,4,4
24,3,4,1,1,4,4
24,3,1,1,1,4,4
24,-2,1,3,1,4,5
24,2,1,1,1,4,5
24,2,1,1,1,5,5
24,2,2,1,1,4,3
24,-2,4,1,1,4,2
24,-1,1,4,1,4,5
24,3,4,1,1,5,5
24,-2,4,4,1,4,4
24,3,1,1,1,4,5
24,2,1,1,1,4,4
24,3,1,1,1,5,5
24,2,4,1,2,4,2
24,-3,4,1,1,1,2
24,-2,4,1,1,3,4
24,3,5,1,1,3,5
24,-2,4,1,1,4,5
24,3,1,1,1,4,5
24,-3,5,1,1,5,3
24,3,5,5,1,1,2
24,-3,6,4,5,1,1
24,-2,5,1,1,2,4
24,3,4,1,1,4,5
24,2,4,1,1,4,5
24,3,1,1,1,5,6
24,3,1,1,1,5,5
24,2,1,1,5,5,3
24,2,1,1,1,4,5
24,0,3,1,1,4,1
24,-2,5,1,5,1,1
24,-1,1,1,1,5,4
24,2,1,1,1,4,4
24,-1,4,1,4,4,1
24,3,4,4,4,4,1
24,3,5,4,1,1,1
24,-3,5,1,4,1,4
24,-3,4,1,1,4,4
24,-3,5,1,5,4,1
24,-2,4,1,1,4,4
24,3,2,1,1,5,5
24,2,3,1,1,4,6
24,3,1,1,1,4,5
24,3,1,1,1,4,5
25,2,7,1,4,1,1
25,3,1,1,1,5,5
25,3,1,1,1,7,4
25,3,1,1,1,7,6
25,3,1,1,1,6,6
25,3,6,1,1,4,6
25,3,5,1,1,6,6
25,-2,7,2,4,1,2
25,-3,5,1,5,6,4
25,2,3,1,5,2,4
25,3,1,1,2,4,4
25,-2,6,1,2,5,4
25,-2,7,5,4,1,3
25,2,7,1,3,1,2
25,3,1,1,2,4,5
25,2,4,1,2,4,4
25,0,1,1,2,5,4
25,3,1,1,2,4,4
25,3,1,1,2,6,6
25,3,1,1,1,6,6
25,3,7,1,1,2,2
25,-2,7,1,1,5,4
25,0,1,1,1,4,4
25,2,1,1,1,6,6
25,-3,1,1,1,6,5
25,3,1,1,1,4,4
25,3,1,1,1,7,6
25,3,1,1,1,6,1
25,2,1,1,1,3,3
25,0,1,1,1,6,6
25,3,1,1,1,6,6
25,-2,4,1,1,4,4
25,2,4,1,1,4,4
25,3,7,1,1,7,1
25,-3,7,4,1,1,1
25,-2,7,1,1,6,1
25,3,4,1,1,4,4
25,3,1,1,1,6,6
25,3,1,1,1,6,4
25,0,7,1,1,4,4
25,-2,1,1,1,4,6
25,1,1,1,1,4,4
25,0,1,1,1,4,1
25,-3,1,1,1,4,2
25,2,1,1,1,2,4
25,3,1,1,1,5,5
26,1,7,6,6,2,2
26,3,7,6,7,1,2
26,-3,7,5,7,1,1
26,1,7,3,6,1,1
26,3,6,2,4,2,2
26,2,6,3,3,2,2
26,3,6,2,3,2,2
26,3,5,3,3,4,3
26,2,5,2,4,5,4
26,2,3,1,3,3,3
26,2,6,1,3,3,4
26,2,5,1,3,5,5
26,3,4,5,5,4,5
26,3,3,1,3,6,5
26,3,2,1,2,6,6
26,3,3,1,1,7,6
26,3,1,1,1,6,6
26,0,1,1,1,7,6
26,1,6,1,1,4,5
26,3,3,1,2,4,5
26,0,3,1,3,5,4
26,0,2,1,3,5,5
26,0,2,1,3,4,5
26,0,2,1,4,5,3
26,2,1,1,3,4,5
26,3,2,1,3,5,5
26,2,5,1,3,4,4
26,0,6,1,3,4,5
26,3,6,1,3,4,4
26,3,4,1,3,4,4
26,1,5,1,4,2,3
26,2,5,1,4,4,3
26,3,4,1,3,5,3
26,2,3,1,3,4,5
26,3,2,1,3,5,5
26,0,5,1,3,3,4
26,3,5,1,3,3,3
26,-1,5,1,6,3,1
26,0,5,1,5,4,1
26,0,4,1,3,5,3
26,-3,6,1,5,3,3
26,-1,6,1,6,2,2
26,-1,6,1,6,3,3
26,2,6,1,6,3,2
26,0,6,1,6,3,2
26,1,7,1,6,3,2
26,3,4,1,4,5,4
26,-3,4,1,3,6,5
26,3,3,1,3,5,5
27,-1,5,1,6,4,3
27,2,4,2,4,3,4
27,-2,4,1,2,4,4
27,-2,5,1,2,3,4
27,1,3,1,4,4,3
27,1,5,1,3,3,4
27,1,5,1,2,3,3
27,0,3,1,3,4,2
27,-2,5,1,5,3,3
27,1,5,1,4,3,3
27,0,5,1,5,2,3
27,-3,5,1,4,2,3
27,1,5,1,5,4,4
27,-1,5,1,5,3,3
27,-2,5,1,5,4,3
27,-3,4,1,4,3,3
27,0,7,1,6,2,2
27,0,7,1,6,2,1
27,2,6,2,5,3,2
27,2,4,1,4,4,4
27,2,4,1,4,4,4
27,0,5,1,4,3,2
27,1,6,1,5,2,2
27,3,6,3,7,1,2
27,0,6,3,5,1,2
27,1,5,2,5,3,3
27,2,5,1,5,3,3
27,2,5,2,5,3,3
27,-3,6,4,7,1,1
27,-3,6,1,7,3,1
27,-2,6,3,6,1,2
27,0,6,3,6,1,2
27,0,5,1,4,2,3
27,1,5,2,5,2,3
27,1,5,3,5,4,4
27,1,6,2,5,2,3
27,1,5,1,5,3,1
27,-1,6,5,5,2,3
27,1,6,1,6,3,2
27,0,5,1,6,2,2
27,2,5,2,5,4,4
27,2,5,1,5,4,4
27,2,5,3,5,4,3
27,1,6,1,5,4,4
28,2,2,1,2,6,5
28,0,1,2,1,6,6
28,2,2,1,1,6,6
28,1,2,1,2,4,3
28,2,1,1,1,6,4
28,2,1,1,1,6,7
28,3,3,2,1,6,5
28,2,4,1,2,5,5
28,3,2,1,2,6,5
28,2,3,1,1,6,4
28,2,2,1,1,3,5
28,3,1,3,1,5,4
28,3,1,1,1,5,5
28,3,2,1,1,6,6
28,3,1,1,1,7,7
28,3,1,1,1,4,3
28,3,1,1,1,6,5
28,1,3,2,1,4,4
28,2,1,1,1,6,7
28,1,1,1,1,4,4
28,2,1,1,2,5,4
28,3,1,1,1,6,6
28,3,1,1,1,7,6
28,3,1,1,1,7,6
28,3,2,1,2,5,5
28,3,1,1,1,4,5
28,3,1,1,1,6,6
28,2,2,2,1,5,5
28,3,1,1,1,5,6
28,1,3,2,2,5,4
28,1,1,1,1,6,6
28,2,1,1,1,6,6
28,3,1,1,1,6,6
28,3,1,1,1,4,6
29,2,4,2,2,3,4
29,0,6,4,2,3,2
29,2,2,3,3,4,4
29,1,6,5,3,4,1
29,2,3,1,1,5,6
29,1,6,5,4,2,3
29,1,3,4,3,3,3
29,-1,5,3,3,4,2
29,2,2,2,1,5,6
29,1,6,4,4,4,3
29,2,4,2,2,5,5
29,1,4,2,2,4,4
29,1,4,2,2,5,3
29,-1,5,4,2,4,3
29,0,6,5,4,3,3
29,1,5,4,4,3,2
29,2,4,4,2,5,3
29,-1,4,3,2,2,4
29,1,4,2,1,4,4
29,3,3,1,2,5,6
29,2,2,2,2,5,5
29,2,3,1,2,5,5
29,-1,1,1,1,3,4
29,1,5,3,1,4,4
29,2,3,1,1,5,5
29,2,3,1,2,5,5
29,2,1,2,2,4,5
29,1,2,1,2,3,3
29,2,3,1,1,4,5
29,0,1,1,1,3,3
29,3,1,1,1,6,6
29,2,2,1,1,4,4
29,0,4,1,2,5,4
29,-2,3,2,1,4,4
29,1,1,1,2,5,5
29,1,4,1,2,4,4
29,2,3,2,1,5,5
29,3,4,1,1,5,5
29,-1,1,1,1,4,2
29,2,1,1,1,2,2
29,3,2,1,1,5,5
29,1,3,1,2,5,4
29,2,1,1,1,5,5
29,-2,3,2,2,5,5
29,2,2,1,1,5,5
29,3,2,1,1,5,5
29,2,3,1,1,5,2
30,1,6,4,2,1,2
30,0,7,2,3,2,3
30,0,7,2,2,3,2
30,3,6,1,2,5,4
30,-1,5,6,2,1,2
30,2,4,3,2,2,3
30,3,4,4,3,4,4
30,3,5,4,4,5,3
30,0,5,2,2,2,2
30,2,5,1,2,5,3
30,0,5,1,3,3,3
30,3,2,2,2,3,4
30,3,4,1,1,4,4
30,3,2,1,1,5,5
30,2,3,1,1,6,6
30,1,5,1,5,1,2
30,-2,6,1,1,1,4
30,-1,7,1,1,5,4
30,3,5,1,1,4,3
30,-1,7,1,5,1,1
30,2,6,1,1,5,5
30,2,7,3,1,5,5
30,-1,7,5,6,1,2
30,2,7,1,4,5,5
30,2,7,1,4,5,5
30,2,5,1,2,6,5
30,2,6,4,1,4,6
30,2,7,1,6,4,1
30,3,7,1,2,1,1
30,2,7,1,5,4,2
30,1,7,2,3,3,2
30,3,7,1,5,5,2
30,3,7,1,3,5,4
30,-3,6,1,1,3,2
30,3,4,1,1,5,4
30,3,6,1,3,4,4
30,-3,6,1,6,5,1
30,-1,7,1,3,4,4
30,1,7,1,3,5,4
30,2,7,1,1,5,5
31,-3,6,1,2,6,3
31,0,6,5,2,4,4
31,-3,6,3,6,1,3
31,3,1,1,2,6,6
31,3,1,1,2,6,6
31,-2,1,1,1,6,6
31,3,2,1,1,5,5
31,0,2,1,2,6,6
31,3,1,1,1,5,4
31,3,3,4,3,5,4
31,3,6,7,1,4,2
31,2,1,1,1,3,4
31,3,1,1,1,6,5
31,3,4,1,1,5,5
31,3,2,1,1,6,6
31,3,1,1,1,5,4
31,3,1,1,1,6,6
31,-2,1,1,1,3,5
31,3,1,1,1,7,6
31,3,1,1,1,6,6
31,0,1,1,1,4,5
31,3,1,1,2,4,4
31,3,1,1,1,6,6
31,-3,5,5,3,5,3
31,3,5,3,3,5,3
31,3,3,1,2,5,4
31,1,2,1,2,6,6
31,3,2,1,2,6,6
31,0,4,3,4,1,1
31,0,2,1,1,4,4
31,2,1,1,2,5,5
31,3,1,1,1,6,5
31,-2,4,2,3,4,4
31,0,3,1,2,5,4
31,0,1,1,3,5,3
31,-1,7,7,7,4,2
31,-2,2,5,5,4,3
31,-3,2,1,7,1,1
31,-1,4,1,2,4,2
31,3,5,6,5,2,2
31,3,2,1,1,4,4
31,3,2,3,2,2,4
31,2,2,3,2,4,4
31,0,2,1,2,4,4
31,0,2,1,2,4,4
32,1,7,3,6,5,3
32,-1,7,6,3,2,3
32,2,6,3,6,4,3
32,2,5,3,4,5,2
32,3,6,3,3,5,4
32,2,6,3,5,4,3
32,0,6,4,5,4,3
32,1,6,4,6,5,2
32,2,5,2,6,2,4
32,-3,4,4,6,2,2
32,-2,6,4,5,3,4
32,1,6,3,4,3,4
32,1,5,4,4,2,2
32,2,6,3,5,4,2
32,2,4,1,4,5,5
32,2,5,3,5,5,4
32,2,4,2,4,5,5
32,2,5,2,3,5,5
32,2,6,2,3,5,4
32,2,2,1,4,6,6
32,1,5,5,4,4,2
32,-1,5,2,5,5,3
32,1,6,3,3,4,4
32,0,6,3,6,5,3
32,1,5,5,6,4,4
32,3,4,2,4,5,5
32,2,6,4,5,2,3
32,2,6,1,3,5,5
32,0,4,5,5,4,1
32,2,6,3,5,2,3
32,1,7,6,5,3,2
32,2,7,3,5,2,3
32,0,6,4,5,5,3
32,1,6,6,6,2,2
32,0,4,5,6,3,4
32,1,6,3,5,5,4
32,2,6,3,6,2,3
32,2,6,2,4,4,4
32,1,6,5,6,3,4
32,2,4,3,3,4,3
32,2,5,5,5,4,4
32,2,5,5,5,3,3
33,-3,5,3,1,1,2
33,3,5,1,1,4,3
33,2,3,1,1,5,3
33,3,2,1,3,5,5
33,2,2,1,3,5,1
33,-2,5,1,5,4,1
33,-1,6,3,3,1,1
33,-2,6,1,4,2,1
33,2,5,1,4,3,2
33,-2,1,1,1,5,5
33,3,5,1,3,5,3
33,0,3,1,3,2,4
33,-1,6,1,4,1,1
33,0,5,1,3,2,1
33,3,2,1,1,4,5
33,2,3,1,1,4,5
33,-1,5,1,1,1,1
33,-1,4,1,4,1,1
33,0,5,1,3,4,3
33,1,3,1,3,3,1
33,1,6,1,4,1,2
33,3,3,1,3,4,4
33,3,5,1,3,3,3
33,3,5,3,3,2,3
33,2,3,1,1,4,3
33,3,5,1,4,1,2
33,3,2,1,1,5,4
33,3,5,4,3,2,2
33,2,6,1,4,4,2
33,-3,5,1,3,3,2
33,3,4,1,5,4,4
33,3,3,1,1,5,5
33,3,2,1,2,5,5
33,3,3,1,2,5,5
33,3,4,1,1,5,5
33,3,7,1,3,1,1
33,-3,4,1,3,3,2
33,3,4,1,2,4,5
33,2,5,1,4,1,1
33,3,3,1,3,4,4
33,3,4,1,2,4,5
33,3,4,1,2,4,4
33,1,3,1,1,5,5
33,0,6,1,4,1,1
34,0,6,1,5,2,2
34,0,4,2,5,1,2
34,2,4,3,4,1,1
34,2,6,6,5,1,2
34,2,1,3,3,5,2
34,-2,6,7,6,1,1
34,0,5,5,5,1,3
34,2,1,1,1,5,4
34,-1,5,2,4,2,1
34,1,6,5,7,1,1
34,2,1,1,3,5,4
34,1,1,1,2,6,5
34,0,5,2,6,3,2
34,1,6,2,6,5,2
34,2,5,4,3,4,2
34,2,3,2,7,1,6
34,-3,4,1,6,1,1
34,0,7,5,7,2,1
34,1,2,4,5,4,2
34,2,5,3,7,2,2
34,2,1,2,2,5,5
34,-3,4,4,4,2,2
34,2,1,1,1,5,5
34,1,1,1,2,3,1
34,1,1,1,1,6,5
34,1,5,1,1,2,4
34,3,6,5,6,2,1
34,-3,6,5,7,1,1
34,-1,5,1,6,2,1
34,0,6,5,6,1,2
34,0,5,5,5,2,2
34,-3,6,6,6,2,2
34,0,6,6,6,1,1
34,1,4,1,2,4,5
34,2,1,1,2,6,4
34,2,1,1,1,5,5
34,1,2,2,3,1,1
34,2,5,1,4,4,4
34,2,1,1,1,5,5
34,2,1,1,1,6,5
34,1,2,1,1,4,4
34,0,4,2,4,4,4
34,1,2,1,1,5,4
34,-1,5,4,5,2,2
35,-1,1,1,3,6,5
35,-1,6,1,5,2,4
35,2,5,1,4,6,5
35,2,1,2,3,5,5
35,-3,7,5,7,2,2
35,2,7,1,2,7,5
35,3,1,1,1,6,6
35,-3,5,6,5,4,2
35,-2,1,1,1,6,5
35,2,6,1,4,6,5
35,3,4,1,1,6,7
35,3,1,1,1,7,7
35,1,2,1,1,5,6
35,2,5,4,1,1,4
35,2,6,6,6,2,2
35,3,1,1,2,7,5
35,3,1,1,1,7,5
35,2,4,1,1,5,5
35,3,2,1,1,6,6
35,-2,4,1,1,6,6
35,2,4,1,1,6,5
35,3,4,1,1,3,5
35,3,4,1,1,5,6
35,-3,7,3,2,3,4
35,3,1,1,1,7,6
35,3,1,1,1,7,7
35,2,5,1,1,5,5
35,-3,1,1,1,7,5
35,-2,3,1,5,5,5
35,-3,6,4,3,3,4
35,3,3,1,1,7,6
35,3,2,1,1,7,6
35,-3,2,1,1,6,6
35,2,4,1,1,6,6
35,-2,3,1,1,6,5
35,2,4,1,2,6,6
35,2,5,1,1,6,5
35,3,5,1,1,6,6
35,2,3,1,1,6,6
35,2,4,1,1,5,5
35,1,5,1,2,5,5
36,2,5,1,4,4,3
36,2,1,1,1,5,6
36,0,4,1,1,6,5
36,0,6,1,3,3,3
36,2,2,4,5,3,5
36,3,2,1,2,6,6
36,2,5,1,5,4,4
36,2,5,1,3,3,2
36,1,1,1,5,5,5
36,3,1,1,1,4,5
36,3,1,1,2,5,5
36,2,6,3,2,2,2
36,3,3,1,2,3,4
36,3,2,1,1,6,6
36,3,1,1,1,6,6
36,3,1,1,1,6,6
36,3,1,1,1,5,5
36,1,3,1,1,6,6
36,-2,4,1,5,3,3
36,-1,2,1,5,3,3
36,-1,4,1,3,5,1
36,2,4,1,4,4,2
36,1,2,1,6,2,1
36,1,1,1,4,6,1
36,3,3,1,5,3,3
36,2,1,1,3,4,4
36,-2,5,1,5,2,2
36,2,4,1,5,3,4
36,1,3,1,3,3,2
36,-2,3,1,5,4,3
36,3,1,1,1,5,5
36,3,1,1,1,6,6
36,2,2,1,2,5,5
36,-2,1,1,1,5,6
36,3,2,1,4,2,5
36,3,1,1,1,5,5
36,3,1,1,1,5,6
36,3,3,1,1,3,6
36,-1,4,2,2,5,5
36,0,2,1,2,5,5
37,-2,7,4,5,3,2
37,2,6,4,3,1,2
37,2,2,2,4,4,4
37,2,3,2,3,4,4
37,2,1,1,2,5,5
37,3,1,1,2,6,5
37,2,3,1,1,5,5
37,1,5,1,2,4,4
37,2,6,3,6,4,1
37,-2,6,3,2,2,5
37,-3,7,6,6,2,1
37,2,6,4,5,2,3
37,-1,6,6,5,2,2
37,1,6,5,6,2,2
37,1,5,5,4,4,2
37,0,6,6,6,2,2
37,3,6,6,6,3,2
37,2,6,4,5,2,2
37,-3,6,6,5,2,2
37,-1,6,5,6,2,2
37,1,6,5,3,2,2
37,2,5,2,5,2,2
37,2,6,5,6,2,1
37,0,6,5,5,2,2
37,2,6,2,4,2,2
37,3,5,5,6,2,4
37,2,5,2,3,4,4
37,-3,6,3,5,2,3
37,1,5,4,6,3,1
37,1,6,3,5,2,2
37,0,6,4,6,3,3
37,-3,5,3,5,2,3
37,2,5,3,2,2,3
38,0,5,1,1,4,4
38,2,5,2,2,5,5
38,3,5,1,3,5,5
38,3,5,3,2,4,6
38,2,3,1,4,5,5
38,2,6,4,6,2,4
38,2,6,5,6,2,2
38,2,2,1,3,6,5
38,1,2,1,3,5,5
38,3,5,2,2,3,4
38,-3,6,5,3,2,3
38,3,3,2,4,4,4
38,3,2,1,2,5,4
38,2,2,1,2,4,5
38,2,2,1,2,5,5
38,3,1,1,1,5,5
38,2,1,1,1,5,5
38,3,1,1,1,4,6
38,1,7,5,2,1,4
38,3,4,1,2,2,4
38,2,6,2,2,2,2
38,2,1,1,1,3,4
38,2,1,1,1,5,5
38,2,2,1,2,6,6
38,2,2,1,1,6,4
38,2,2,1,2,4,5
38,3,3,1,2,2,3
38,3,3,1,1,3,5
38,2,1,1,2,4,6
38,2,1,1,1,3,5
38,2,2,1,1,3,3
38,1,2,1,1,1,1
39,1,4,1,7,1,3
39,0,3,1,6,4,4
39,1,6,1,6,6,3
39,-3,1,1,4,5,5
39,3,4,1,5,3,4
39,-3,1,1,5,3,4
39,2,1,1,4,5,5
39,3,1,1,5,6,5
39,3,1,1,2,3,5
39,1,1,1,2,5,5
39,3,1,1,2,4,6
39,2,1,1,1,4,7
39,2,1,1,1,5,6
39,0,2,1,3,5,5
39,-1,1,2,3,3,5
39,1,1,1,1,1,4
39,3,1,1,2,5,5
39,3,1,1,5,7,5
39,1,1,1,1,4,6
39,-3,7,2,6,2,4
39,1,5,1,3,4,5
39,2,4,1,3,2,4
39,3,2,1,2,3,5
39,1,1,1,1,4,5
39,1,2,1,3,3,5
39,1,1,1,4,6,5
39,2,1,1,5,4,6
39,3,1,1,2,5,5
39,2,1,1,2,4,5
39,2,1,1,2,4,4
39,0,3,1,2,4,5
40,0,5,5,5,5,2
40,3,3,5,2,4,5
40,3,5,6,3,2,4
40,1,3,1,3,4,5
40,3,2,2,2,5,5
40,2,3,1,2,5,5
40,3,1,1,1,6,6
40,2,2,1,2,6,6
40,-3,4,2,1,2,4
40,3,2,1,1,5,6
40,-2,4,2,2,4,5
40,3,5,2,2,3,3
40,3,5,4,3,3,4
40,2,6,2,5,4,4
40,3,3,5,2,4,5
40,3,1,4,2,5,6
40,-3,6,2,3,3,5
40,3,4,2,5,4,4
40,-2,6,5,4,4,4
40,3,4,5,2,4,5
40,3,7,6,6,2,1
40,0,7,6,5,2,1
40,3,6,3,4,4,4
40,-3,7,7,7,1,1
40,1,7,5,6,1,1
40,2,7,1,5,1,1
40,-3,7,6,4,2,1
40,3,5,5,2,4,4
40,-1,5,6,3,2,4
40,3,2,2,3,4,4
40,2,4,5,5,3,1
40,1,4,5,2,3,2
40,2,4,3,2,5,5
40,3,4,4,2,3,5
40,1,3,6,1,3,5
40,-3,7,7,7,1,1
40,-3,7,7,6,1,1
40,2,6,5,5,2,3
40,3,3,4,4,4,4
40,2,3,5,3,3,4
40,3,4,3,1,4,5
40,3,3,2,1,5,5
40,2,2,2,2,5,6
41,2,2,1,2,6,5
41,1,3,4,5,2,2
41,-3,6,3,5,1,1
41,-2,3,2,3,6,3
41,1,4,2,4,3,3
41,2,2,1,2,4,4
41,-2,2,3,2,5,5
41,-1,1,1,2,4,4
41,3,4,2,5,3,4
41,2,3,5,4,3,4
41,2,3,2,4,4,4
41,2,2,4,4,4,4
41,-2,3,5,3,4,4
41,2,2,2,2,5,4
41,-2,5,5,5,4,3
41,-2,4,5,5,1,2
41,0,4,5,6,3,2
41,2,2,2,4,5,4
41,2,2,2,2,4,4
41,-2,4,4,3,3,4
41,0,2,4,3,4,4
41,2,1,2,2,5,4
41,2,3,4,4,2,4
41,-2,1,2,1,4,5
41,2,2,3,5,3,4
41,2,2,5,5,4,4
41,2,1,2,2,4,4
41,1,2,2,1,3,4
41,-2,1,4,5,4,4
41,2,2,2,2,4,4
41,2,2,3,2,4,4
41,-3,4,2,5,1,1
41,2,2,2,3,4,4
41,-1,3,2,4,4,4
41,1,4,4,5,3,4
41,2,3,2,5,4,4
41,-1,1,1,2,4,4
41,2,1,2,1,4,4
41,2,2,2,2,4,4
41,2,2,3,4,1,2
41,2,1,3,3,4,4
41,1,3,4,5,3,4
41,1,3,2,3,4,5
41,-1,1,2,1,4,4
42,1,1,2,2,4,6
42,2,1,2,2,5,6
42,2,2,2,5,4,5
42,2,1,2,2,6,6
42,-2,2,2,2,4,5
42,1,2,1,2,6,6
42,1,1,1,2,6,6
42,2,3,1,1,5,5
42,2,1,1,1,4,6
42,1,1,1,1,4,6
42,2,1,1,1,6,6
42,3,1,1,1,6,6
42,2,1,1,1,5,5
42,1,1,1,1,6,6
42,3,1,1,1,6,6
42,1,1,1,1,6,6
42,2,1,1,1,5,5
42,1,1,1,1,5,5
42,2,1,1,1,5,6
42,2,1,1,1,5,5
42,2,1,1,1,6,5
42,1,1,1,1,5,6
42,2,1,1,1,5,6
42,2,1,1,1,6,6
42,2,1,1,1,6,6
42,2,1,1,1,5,6
42,1,1,1,1,5,6
42,2,1,1,1,6,6
42,2,1,1,1,6,5
42,2,1,1,1,5,5
42,2,1,1,1,5,6
42,2,1,1,1,5,6
42,2,1,1,1,5,5
42,2,1,1,1,5,5
42,2,1,1,1,5,5
42,2,1,1,1,5,5
42,1,1,1,1,5,5
42,2,1,1,1,6,6
42,-3,1,1,1,4,5
42,2,1,1,1,4,5
42,2,1,1,1,5,5
42,2,1,1,1,5,5
42,2,1,1,1,6,5
42,2,1,1,1,6,6
42,2,1,1,1,5,6
42,0,1,2,2,5,3
42,2,1,1,1,5,5
43,3,2,1,1,4,6
43,0,1,1,1,4,1
43,3,1,1,1,5,4
43,1,3,1,1,5,4
43,3,2,1,1,5,4
43,-3,5,5,7,2,1
43,0,4,4,7,2,4
43,3,5,1,5,4,2
43,3,2,1,1,4,4
43,3,2,1,2,4,4
43,3,2,1,1,4,1
43,3,1,1,1,4,4
43,0,2,1,1,5,4
43,3,1,1,2,5,4
43,-3,1,1,1,4,4
43,2,1,1,1,4,4
43,0,1,1,1,4,4
43,1,1,1,1,4,4
43,-2,1,1,1,4,4
43,3,1,1,1,4,4
43,2,1,1,1,4,4
43,2,1,1,1,4,4
43,0,2,1,1,4,4
43,3,3,1,1,4,4
43,0,1,1,1,4,4
43,2,2,1,1,4,4
43,2,3,1,1,4,4
43,0,3,1,1,4,4
43,3,3,1,1,4,4
43,3,2,1,1,4,4
43,2,2,1,1,4,4
43,2,2,1,1,4,4
43,3,1,1,1,4,4
43,3,4,1,1,4,4
44,1,1,2,4,4,4
44,1,1,1,4,1,4
44,2,1,1,1,4,5
44,1,4,2,5,2,4
44,-3,7,5,1,1,4
44,1,5,5,1,2,5
44,-3,1,2,2,4,5
44,2,5,4,1,2,5
44,1,2,2,4,2,4
44,-2,1,1,2,4,4
44,1,7,2,2,2,5
44,3,1,2,2,5,5
44,2,1,1,1,6,4
44,2,1,1,1,5,5
44,2,4,2,2,2,2
44,3,1,1,1,4,7
44,2,3,1,1,5,6
44,-3,1,1,1,2,5
44,3,5,1,1,5,5
44,3,1,1,1,5,6
44,2,5,3,4,2,2
44,-3,7,4,6,1,1
44,-3,7,5,6,1,4
44,2,7,4,3,1,4
44,1,7,4,4,1,4
44,2,5,1,1,3,4
44,2,1,2,1,4,6
44,3,3,2,1,4,5
44,3,4,2,4,4,6
44,3,4,4,2,4,5
44,3,7,4,2,4,6
44,3,4,2,4,2,4
44,3,1,3,1,7,1
44,2,4,3,4,4,6
44,1,5,2,1,5,4
45,3,5,1,5,1,1
45,0,5,1,2,3,3
45,2,3,1,1,4,4
45,0,1,1,1,3,4
45,1,1,1,1,4,1
45,3,1,1,1,5,5
45,2,1,1,1,4,5
45,3,1,1,1,4,4
45,2,1,1,1,5,2
45,3,1,1,1,5,5
45,0,1,1,1,4,6
45,3,1,1,1,6,5
45,2,1,1,1,5,5
45,1,1,1,1,6,5
45,2,1,1,1,6,5
45,2,1,1,1,6,5
45,-1,1,1,5,4,2
45,2,1,1,1,6,6
45,2,1,1,1,6,5
45,1,1,1,1,4,5
45,2,7,4,6,4,3
45,2,1,1,1,6,6
45,2,1,1,3,6,5
45,0,1,1,2,5,5
45,2,1,1,1,6,4
45,0,1,1,1,6,5
45,2,1,1,1,6,6
45,2,1,1,1,5,5
45,2,1,1,1,5,6
45,0,5,1,6,5,3
45,2,1,1,3,5,5
45,2,1,1,1,5,5
45,3,1,1,1,6,6
45,3,1,1,1,6,6
45,3,1,1,1,5,6
45,3,1,1,1,5,6
45,3,1,1,1,7,6
45,3,1,1,1,6,6
45,2,5,1,2,5,4
45,3,1,1,2,5,4
45,2,4,2,2,4,4
45,2,1,1,2,5,4
45,1,1,1,1,5,3
45,2,1,1,1,5,4
45,3,1,1,1,5,4
46,0,6,3,4,2,3
46,-3,7,1,6,1,1
46,2,6,1,1,3,4
46,0,6,1,2,3,4
46,2,6,1,2,3,3
46,3,6,1,2,2,4
46,3,5,1,1,4,4
46,0,4,1,1,4,5
46,-2,4,1,1,4,5
46,-1,5,1,1,2,4
46,1,6,1,1,4,4
46,1,4,1,1,5,3
46,3,5,1,1,4,3
46,0,7,4,6,1,1
46,0,7,4,5,1,1
46,2,6,1,4,1,1
46,1,4,1,4,3,3
46,-2,5,1,3,1,2
46,-3,5,1,2,2,1
46,0,5,1,1,1,2
46,2,4,1,1,1,3
46,2,3,1,1,4,3
46,0,6,1,1,4,3
46,2,4,1,1,4,4
46,0,5,1,2,4,4
46,1,4,1,1,3,4
46,3,4,1,1,5,4
46,3,4,1,1,4,4
46,-3,4,1,1,4,4
46,1,3,1,1,5,4
46,3,5,2,1,4,4
46,-1,4,2,1,4,4
46,2,4,1,1,1,4
46,-3,4,3,1,3,4
46,0,4,3,1,4,4
46,1,6,3,3,1,2
46,2,4,2,1,2,4
46,3,5,2,1,4,4
46,-2,5,2,1,4,4
46,3,4,1,1,4,3
46,3,4,1,1,4,5
46,-3,3,1,1,4,5
46,3,4,1,1,4,5
46,3,3,2,1,4,5
47,1,1,1,1,2,3
47,1,3,1,2,4,4
47,2,4,1,4,2,4
47,3,1,1,1,6,5
47,3,1,1,1,5,5
47,2,1,1,1,5,4
47,3,1,1,1,4,6
47,2,1,1,1,6,6
47,2,2,2,2,1,1
47,3,6,1,2,5,5
47,2,2,1,1,6,6
47,2,1,1,1,6,6
47,3,1,1,1,3,6
47,3,1,1,1,3,5
47,2,1,1,1,3,5
47,1,1,1,1,3,3
47,-3,1,1,3,3,4
47,-1,2,1,2,1,1
47,1,2,1,4,5,4
47,-2,6,1,2,2,4
47,-3,7,4,1,1,1
47,1,6,5,1,1,2
47,-3,6,3,1,2,2
47,1,3,1,3,4,4
47,1,3,1,2,4,3
47,-3,7,6,7,1,1
47,0,7,5,7,1,1
47,3,3,1,4,3,5
47,2,1,1,1,6,6
47,2,4,1,2,5,5
47,3,4,1,3,5,5
47,1,4,5,4,5,5
47,2,3,1,1,5,5
47,2,5,3,1,1,3
47,-3,6,4,5,4,1
47,-1,4,3,1,1,1
47,-3,5,3,1,1,1
47,2,4,1,1,4,1
47,2,5,1,1,2,2
47,1,4,1,3,1,1
47,2,2,1,3,5,3
47,2,4,1,3,5,4
47,3,5,3,6,1,1
47,-2,6,1,5,5,3
47,2,6,1,2,3,3
47,2,2,1,4,4,1
47,2,5,1,3,5,4
47,3,1,1,4,5,6
47,1,1,1,1,5,5
48,-1,6,5,4,2,2
48,1,7,5,5,2,2
48,2,6,4,3,2,2
48,1,1,2,1,6,6
48,2,1,1,1,6,6
48,1,1,1,3,6,4
48,2,1,1,1,6,6
48,1,1,1,1,6,6
48,-1,5,1,5,4,4
48,-1,5,1,4,3,4
48,1,1,1,2,5,5
48,2,1,1,1,6,6
48,2,1,1,1,6,6
48,2,1,1,1,6,6
48,1,1,1,1,6,6
48,2,1,1,1,6,6
48,3,1,1,1,6,6
48,2,1,1,1,6,6
48,2,1,1,1,4,5
48,2,1,1,1,5,6
48,2,1,1,1,6,3
48,2,1,1,1,4,5
48,-2,5,1,5,4,1
48,1,4,1,2,4,4
48,-2,1,1,1,4,4
48,0,4,1,4,3,1
48,-2,1,1,5,1,4
48,-2,6,1,2,4,4
48,1,1,1,1,6,6
48,2,1,1,1,6,6
48,0,1,1,1,6,5
48,1,1,1,1,4,6
48,-2,6,4,6,4,3
48,3,1,1,1,6,6
48,3,1,1,1,4,6
48,1,4,1,1,1,6
48,2,1,1,1,6,6
48,1,1,1,1,6,6
48,2,1,1,1,6,6
48,-1,5,1,4,2,2
48,3,1,1,5,6,5
48,2,1,6,5,1,1
48,-1,6,1,4,4,5
48,-2,7,3,6,1,1
48,1,7,4,2,3,1
48,1,4,1,3,4,4
48,-2,6,1,2,4,1
48,-3,7,4,6,1,1
49,-1,2,1,2,3,3
49,2,2,1,2,2,3
49,2,2,1,2,3,4
49,2,2,1,3,2,3
49,3,4,4,2,1,3
49,-2,3,1,2,3,4
49,2,2,1,2,3,4
49,1,2,1,2,3,4
49,3,2,1,2,4,4
49,3,2,1,2,4,4
49,1,3,1,3,3,4
49,-2,3,1,2,3,4
49,-2,4,1,3,2,2
49,2,4,1,2,3,3
49,2,3,1,2,3,4
49,2,3,1,2,3,4
49,2,2,1,2,3,4
49,2,2,1,2,5,4
49,2,2,1,2,5,4
49,-2,3,1,3,3,4
49,2,3,1,2,4,4
49,2,2,1,2,4,4
49,2,3,1,2,4,4
49,2,3,1,2,3,4
49,1,4,1,3,4,4
49,-2,5,1,4,3,2
49,3,3,1,2,4,4
49,1,2,1,3,4,3
49,1,3,1,2,4,4
49,1,4,1,2,4,3
49,-2,3,1,3,4,3
49,1,4,1,3,4,3
49,1,3,1,2,4,2
49,1,4,1,3,4,2
50,-2,5,2,6,2,2
50,-2,6,5,5,2,2
50,1,5,4,5,3,3
50,-2,5,3,5,6,2
50,1,5,2,5,2,3
50,1,4,3,3,4,3
50,2,5,2,4,3,5
50,2,4,2,4,4,3
50,2,4,2,4,3,4
50,2,4,4,4,3,4
50,2,6,3,5,3,3
50,-2,6,3,5,3,3
50,-2,6,3,5,2,3
50,2,4,2,3,4,4
50,1,4,3,4,4,4
50,2,4,2,4,3,3
50,2,4,2,3,3,3
50,0,4,2,4,3,4
50,2,3,2,2,4,4
50,1,2,2,3,5,4
50,-2,5,2,2,4,3
50,2,3,1,2,5,4
50,3,4,1,4,5,4
50,3,3,1,2,5,4
50,2,3,2,2,5,5
50,2,3,1,1,5,4
50,3,4,2,2,5,4
50,3,3,1,2,5,4
50,3,2,1,2,6,5
50,3,3,1,1,5,4
50,3,2,1,2,5,4
50,2,3,1,1,5,5
50,3,2,1,1,5,4
50,3,3,1,2,5,4
50,1,3,2,2,5,3
50,2,3,1,3,4,4
50,0,3,1,1,5,4
50,3,4,1,1,5,3
50,-3,6,3,4,2,2
51,-2,3,2,3,3,4
51,-2,4,2,3,2,3
51,1,3,3,4,5,4
51,2,2,2,3,5,5
51,0,2,2,2,5,5
51,2,4,2,4,4,4
51,2,2,2,2,5,5
51,-1,2,2,2,5,5
51,2,1,2,3,5,5
51,1,2,2,3,5,5
51,1,2,2,2,5,5
51,2,2,2,2,5,5
51,3,3,2,3,3,3
51,-1,2,2,4,3,3
51,2,4,4,5,2,3
51,2,3,2,3,4,4
51,2,3,3,4,3,3
51,3,3,2,2,6,5
51,0,4,2,3,3,4
51,-3,4,5,5,3,3
51,2,2,2,2,6,5
51,-3,4,4,5,3,3
51,1,5,4,5,3,3
51,1,5,4,4,3,3
51,1,4,2,4,3,3
51,-1,5,4,3,2,3
51,0,4,3,3,2,3
51,2,6,4,6,3,3
51,2,4,2,3,3,3
51,2,3,2,3,5,4
51,3,2,3,3,3,4
51,2,2,2,2,5,5
51,2,5,4,6,3,3
51,-3,2,2,2,4,5
51,1,2,2,2,6,6
51,2,2,2,2,5,6
51,2,2,2,2,6,6
51,3,2,2,1,6,6
51,1,2,2,1,6,6
51,3,4,3,3,4,4
51,-3,6,5,5,2,3
51,3,4,4,5,3,4
51,-2,4,4,4,3,3
52,2,3,2,2,5,5
52,3,2,1,2,4,6
52,2,1,1,1,3,5
52,3,4,3,4,2,2
52,3,3,2,2,3,4
52,3,2,2,2,3,4
52,-2,5,1,5,2,2
52,-3,6,6,7,5,1
52,3,2,1,3,3,4
52,2,2,1,2,2,4
52,2,6,2,6,1,2
52,3,2,3,3,4,4
52,2,4,3,3,3,3
52,2,2,2,3,4,4
52,2,4,3,3,4,3
52,3,2,1,2,4,5
52,2,1,1,2,5,4
52,3,2,2,2,5,4
52,2,6,3,4,1,2
52,1,6,4,6,1,1
52,-1,6,4,2,1,1
52,2,4,3,4,4,2
52,1,5,2,4,2,1
52,3,1,1,2,3,1
52,2,3,4,4,3,3
52,1,4,3,4,2,1
52,1,4,3,3,3,4
52,1,2,1,3,5,1
52,0,4,2,3,4,2
52,1,4,2,3,5,3
52,-1,3,3,3,4,2
52,2,4,4,3,4,4
52,3,3,3,2,3,4
52,2,4,4,2,4,4
53,1,4,2,1,6,6
53,2,3,1,1,1,4
53,2,5,1,2,2,4
53,2,2,1,2,2,6
53,2,2,4,3,3,3
53,0,4,1,1,6,5
53,1,3,1,2,2,2
53,-2,4,1,2,3,2
53,1,3,1,2,5,4
53,1,3,1,2,5,4
53,2,4,1,2,3,5
53,2,3,1,2,4,4
53,1,5,1,2,3,4
53,2,2,1,2,5,5
53,2,3,1,2,2,4
53,-1,4,1,3,3,4
53,2,4,2,2,3,4
53,-1,5,1,2,3,4
53,2,2,3,1,4,4
53,1,3,1,2,4,4
53,0,4,2,2,4,4
53,-2,3,1,3,3,4
53,-3,5,2,3,3,3
53,1,2,1,2,5,5
53,-3,5,1,4,3,3
53,1,4,1,3,2,3
53,2,3,1,2,5,5
53,2,3,1,2,4,4
53,2,2,1,1,5,5
53,1,2,1,1,4,5
53,2,2,1,1,6,6
53,3,2,1,1,5,6
53,1,4,2,1,4,4
53,-2,3,1,2,2,4
53,-1,5,1,4,2,2
53,1,3,1,1,3,3
53,1,1,1,1,5,4
53,-1,2,1,1,3,3
54,3,4,5,4,1,1
54,0,7,7,1,1,1
54,0,1,1,4,4,1
54,2,1,5,4,1,1
54,1,1,1,4,3,1
54,0,1,1,4,1,1
54,-2,1,1,5,1,1
54,1,1,1,3,6,1
54,0,6,4,7,1,1
54,-3,4,1,4,4,1
54,3,1,1,5,2,1
54,0,3,1,5,4,1
54,0,1,1,4,4,1
54,3,1,1,7,2,1
54,3,3,1,1,3,1
54,3,4,4,6,1,1
54,3,6,1,5,1,1
54,1,5,4,3,4,1
54,1,5,4,5,1,1
54,3,1,5,6,4,1
54,1,6,3,7,2,1
54,0,5,1,6,4,1
54,1,5,1,5,4,1
54,0,6,1,5,4,1
54,1,1,1,3,4,1
54,1,6,5,7,1,1
54,3,6,6,7,5,1
54,3,5,6,7,1,3
54,-1,4,5,3,1,2
54,1,5,1,4,3,1
54,0,1,1,4,3,5
54,0,1,1,1,3,4
54,0,6,2,3,4,1
54,0,5,1,6,3,1
54,1,4,1,2,5,1
54,3,6,1,6,4,1
54,-1,4,1,5,4,1
54,0,1,1,4,4,1
54,-1,4,1,5,5,1
54,-3,5,2,6,1,1
54,-2,6,1,7,3,1
54,0,5,5,7,3,1
54,0,5,4,6,1,1
55,3,1,1,1,6,7
55,3,1,1,1,7,7
55,3,1,1,1,7,7
55,2,1,1,1,5,6
55,2,5,1,4,4,4
55,3,1,1,1,7,5
55,2,1,1,1,6,6
55,3,3,1,1,6,5
55,0,1,1,1,6,5
55,3,1,1,1,6,6
55,3,1,1,1,6,6
55,3,1,1,1,6,6
55,3,2,1,4,6,2
55,2,1,1,1,5,5
55,-2,4,1,4,4,1
55,0,1,1,7,7,1
55,3,1,1,4,6,1
55,1,1,1,4,5,4
55,3,1,1,3,4,4
55,3,1,1,3,4,1
55,1,2,1,1,5,4
55,1,4,1,3,5,4
55,3,1,1,3,5,4
55,0,4,1,6,4,1
55,1,1,1,3,6,1
55,0,2,1,3,4,3
55,3,1,1,2,5,2
55,3,1,1,2,5,4
55,3,1,1,1,5,5
55,-3,1,1,1,6,4
55,-1,1,1,1,5,5
55,-1,1,1,1,5,5
55,-1,1,1,1,4,3
55,3,3,1,1,6,4
55,3,3,1,1,4,4
56,0,7,4,6,1,1
56,1,6,2,5,5,1
56,0,7,5,6,2,1
56,2,4,3,5,4,3
56,0,1,3,3,4,1
56,2,4,1,4,5,1
56,3,2,2,3,4,4
56,0,3,3,3,5,1
56,2,3,1,3,4,2
56,2,6,1,5,4,1
56,2,4,2,3,2,1
56,1,3,4,5,2,1
56,0,6,2,7,1,1
56,1,4,2,4,4,1
56,0,7,2,5,4,1
56,0,4,1,4,3,1
56,1,4,1,5,3,1
56,1,4,1,4,2,1
56,1,4,4,6,2,1
56,2,3,1,3,4,4
56,1,7,4,5,1,1
56,1,3,2,4,3,1
56,1,4,1,5,4,1
56,1,2,1,2,4,4
56,1,5,6,6,2,1
56,2,3,3,3,5,4
56,2,4,1,5,2,3
56,0,2,1,3,3,2
56,1,3,1,3,3,2
56,1,2,3,3,3,2
56,1,3,1,4,3,2
56,0,4,2,4,1,1
56,0,5,2,5,2,1
56,1,5,3,4,2,1
56,0,6,2,4,1,1
56,1,5,5,6,1,1
56,1,4,3,4,1,1
56,1,6,3,6,1,1
56,0,7,7,7,1,1
56,2,5,6,7,1,1
56,0,4,5,4,1,1
56,1,7,2,4,1,1
56,-1,5,6,6,1,1
56,2,3,2,4,1,1
56,0,3,1,3,4,3
56,0,2,1,3,5,4
56,1,4,2,4,3,3
56,0,2,5,3,3,4
56,2,4,1,3,4,2
57,1,4,2,1,2,5
57,0,2,1,2,4,5
57,2,2,1,4,4,4
57,2,2,1,1,5,6
57,1,3,1,1,6,5
57,3,4,1,4,3,3
57,3,2,1,2,4,5
57,3,4,2,3,3,4
57,0,2,1,4,5,4
57,0,2,1,1,5,5
57,3,4,2,3,3,2
57,1,1,1,1,6,5
57,-1,4,1,1,3,2
57,3,1,1,1,6,3
57,1,2,1,1,6,5
57,0,3,1,1,3,3
57,0,4,1,4,4,4
57,3,3,1,3,4,2
57,2,5,2,5,4,2
57,0,4,2,4,3,2
57,0,5,2,4,3,2
57,2,2,1,4,4,2
57,0,5,1,6,3,2
57,1,4,1,4,4,3
57,1,2,1,2,4,4
57,3,4,2,3,2,2
57,0,4,2,5,3,2
57,-2,5,2,6,1,1
57,-2,6,2,6,2,2
57,0,5,3,6,1,2
57,3,3,1,2,4,5
57,2,2,1,1,5,7
57,0,2,1,2,5,3
57,0,2,1,2,5,3
57,3,2,1,2,4,3
57,-2,2,1,1,4,6
57,-1,3,1,2,4,4
57,1,6,2,5,1,2
57,2,1,1,1,4,1
57,2,2,1,1,4,5
57,3,2,1,2,3,4
57,1,3,1,4,3,2
57,0,4,2,3,4,4
58,0,5,3,4,3,3
58,1,2,1,3,5,4
58,-2,2,1,5,4,4
58,2,2,1,4,4,4
58,0,1,2,4,4,4
58,2,4,4,4,3,4
58,2,4,2,4,4,4
58,-2,5,2,5,1,2
58,1,5,2,5,2,2
58,2,2,2,4,4,4
58,2,3,2,3,4,4
58,2,1,2,3,4,4
58,0,2,1,2,4,4
58,-2,3,1,2,5,4
58,0,3,2,4,4,4
58,2,1,1,5,5,4
58,1,3,1,4,4,4
58,2,3,1,3,4,4
58,0,3,2,4,4,4
58,0,4,2,5,4,3
58,0,1,1,3,5,4
58,2,1,1,3,5,4
58,-3,1,1,2,5,4
58,1,4,2,4,3,3
58,0,3,3,5,3,3
58,-1,3,2,4,3,4
58,-3,3,2,5,3,2
58,1,3,3,4,2,3
58,1,3,1,3,4,4
58,0,2,1,4,3,4
58,1,1,1,2,5,5
58,2,1,2,4,4,4
58,0,1,1,2,4,5
58,1,3,3,4,3,4
58,0,3,1,3,3,3
58,1,1,1,3,4,4
58,0,1,1,2,4,5
58,2,1,1,4,4,4
58,0,1,1,2,5,5
58,1,1,1,3,4,4
58,-2,1,1,2,4,4
58,-3,1,1,3,4,4
58,2,1,1,2,4,4
58,2,3,2,5,3,3
58,0,1,1,3,3,3
58,2,1,1,3,4,4
59,-1,4,5,4,4,4
59,2,3,2,2,5,5
59,3,1,2,1,6,6
59,2,1,2,1,5,6
59,3,1,1,2,6,5
59,2,1,2,2,6,5
59,3,2,2,2,4,5
59,1,1,2,1,5,5
59,3,1,2,1,5,5
59,2,2,2,2,5,5
59,0,1,2,2,5,5
59,2,1,2,2,6,6
59,0,1,1,2,6,5
59,2,4,2,4,4,4
59,-1,3,2,3,4,4
59,0,4,4,4,4,4
59,1,5,3,3,4,4
59,2,3,3,3,4,4
59,2,4,4,2,4,5
59,2,3,2,2,5,5
59,3,2,2,2,5,5
59,-3,2,2,3,5,5
59,2,1,1,1,6,6
59,1,1,1,2,5,5
59,3,1,1,1,5,6
59,-3,1,4,2,4,4
59,-3,1,1,2,6,6
59,3,1,1,2,6,6
59,1,1,2,2,5,5
59,1,1,1,2,5,5
59,3,1,1,2,6,6
59,2,1,1,2,5,6
59,-1,1,2,2,6,6
59,3,1,2,2,5,5
59,3,3,2,2,5,5
59,2,3,2,3,5,4
59,3,2,1,2,5,5
59,3,1,2,2,6,6
59,-1,2,2,2,5,5
59,1,2,2,2,5,5
59,2,1,1,2,5,6
59,3,2,1,2,5,5
60,2,3,1,2,5,4
60,2,3,1,2,5,4
60,2,1,1,1,6,4
60,1,1,2,5,1,4
60,2,3,1,2,4,5
60,2,6,1,1,6,4
60,2,2,2,1,6,7
60,2,5,2,1,3,4
60,2,3,1,2,4,4
60,2,2,1,4,5,4
60,-1,6,5,4,1,1
60,2,2,1,4,5,5
60,0,1,1,2,4,4
60,3,1,1,1,5,5
60,3,7,5,2,4,4
60,0,4,2,2,3,4
60,1,1,1,2,5,5
60,3,6,2,2,4,5
60,-2,2,1,2,6,1
60,2,1,1,1,6,6
60,0,2,1,2,5,4
60,3,2,1,1,6,4
60,2,6,2,2,4,2
60,-3,7,5,4,4,3
60,-3,4,5,4,4,4
60,1,2,2,4,6,4
60,2,4,2,3,5,3
60,2,2,1,3,5,3
60,0,2,3,3,5,2
60,2,2,4,4,2,1
60,2,3,2,4,4,3
60,-2,1,1,2,4,4
60,-2,6,5,5,2,2
60,1,1,1,2,4,4
60,0,1,1,5,2,4
60,-1,2,2,4,2,3
60,1,4,6,5,2,4
60,1,3,3,3,3,3
61,3,2,2,5,5,2
61,3,1,1,2,6,6
61,3,1,1,2,6,5
61,2,1,1,4,5,3
61,2,1,1,2,5,1
61,1,2,1,3,4,4
61,3,1,1,1,6,4
61,2,1,1,2,5,4
61,-1,6,1,4,2,2
61,2,2,1,2,4,5
61,2,5,1,3,5,4
61,1,5,1,2,2,5
61,1,1,1,2,5,5
61,1,6,4,5,5,3
61,2,2,1,3,5,5
61,1,2,1,3,5,4
61,3,1,1,1,6,6
61,2,6,1,5,4,2
61,2,6,1,5,2,3
61,1,6,1,6,2,3
61,2,3,1,4,4,4
61,2,3,1,5,3,3
61,2,4,1,5,4,3
61,1,4,1,4,5,4
61,2,3,1,4,3,3
61,2,3,1,3,3,4
61,3,2,1,2,6,5
61,-3,7,5,1,1,2
61,0,5,1,5,3,3
61,2,2,1,3,5,5
61,2,2,1,3,4,4
61,1,2,1,4,5,4
61,2,3,1,2,6,5
61,1,2,1,2,5,5
61,2,2,1,3,5,5
61,3,2,1,2,6,5
61,2,1,1,3,4,4
61,3,2,1,2,6,5
61,2,2,1,2,6,5
61,2,2,1,2,6,6
61,1,2,1,3,5,5
61,1,3,1,3,5,4
61,1,3,1,3,5,4
61,2,2,1,2,6,6
61,1,2,1,2,6,6
61,2,6,2,2,5,4
61,1,2,1,3,4,4
61,3,2,1,3,4,5
61,1,6,1,3,5,4
61,3,3,4,3,4,5
61,2,2,1,2,5,5
61,1,2,1,3,5,4
61,2,6,1,3,4,4
61,2,6,1,3,4,4
62,0,6,1,3,5,5
62,3,7,2,5,2,4
62,1,3,1,2,6,5
62,-1,3,2,2,4,3
62,0,6,1,3,2,2
62,2,2,1,2,6,4
62,3,2,1,3,6,6
62,1,3,1,4,3,3
62,2,4,1,3,4,4
62,0,6,2,5,3,3
62,3,4,1,4,5,5
62,2,3,1,2,4,3
62,3,4,3,4,2,1
62,3,2,1,3,4,3
62,2,1,1,2,3,2
62,3,2,1,2,2,1
62,1,2,1,1,6,5
62,3,2,1,1,6,5
62,-3,2,1,1,6,6
62,3,2,1,1,6,6
62,0,1,1,1,5,5
62,2,1,1,1,6,5
62,3,1,1,1,7,6
62,-3,1,1,2,3,4
62,1,2,1,4,5,5
62,3,1,1,1,4,5
62,3,1,1,1,6,6
62,3,1,1,1,7,7
62,3,1,1,1,7,6
62,3,1,1,1,6,6
62,3,1,1,1,6,6
62,1,1,1,2,3,3
62,2,3,1,3,4,4
62,0,2,1,2,5,5
62,1,2,1,2,4,4
62,2,1,1,1,4,5
62,3,1,1,2,5,4
62,1,1,1,1,5,4
62,3,1,1,1,5,3
62,3,1,1,1,6,2
62,0,1,1,1,4,4
62,2,1,1,3,4,4
62,-3,4,4,3,1,2
62,-3,6,3,4,1,2
62,0,7,4,5,2,2
62,2,4,1,5,3,3
62,3,3,2,5,2,1
63,2,5,1,3,5,6
63,0,4,1,2,3,2
63,2,1,1,2,6,6
63,1,4,1,2,4,1
63,0,2,1,2,4,5
63,1,1,1,1,4,4
63,1,5,1,3,1,1
63,0,5,1,4,1,1
63,1,6,4,6,1,2
63,0,6,1,4,1,1
63,1,5,2,3,1,2
63,1,7,2,5,1,1
63,1,4,1,3,6,6
63,1,3,1,1,4,4
63,1,3,1,2,4,5
63,1,5,1,3,4,4
63,1,5,1,2,1,1
63,0,7,1,4,1,3
63,0,6,5,5,1,1
63,1,6,2,5,1,1
63,1,5,1,2,5,4
63,1,5,2,2,4,4
63,1,5,1,3,6,4
63,1,4,1,2,6,5
63,1,5,4,3,4,4
63,1,5,1,4,2,5
63,0,6,1,2,2,2
63,1,5,2,5,1,2
63,2,5,1,2,4,4
63,1,1,1,2,5,4
63,1,3,1,2,5,4
63,1,6,1,2,5,5
64,1,3,5,4,3,3
64,-2,5,5,5,2,2
64,-3,5,4,3,3,2
64,2,4,3,5,2,2
64,-1,2,3,4,4,4
64,3,2,3,5,4,3
64,3,2,2,1,5,5
64,2,2,2,3,5,4
64,-2,3,3,2,5,5
64,2,2,2,3,6,4
64,2,4,3,5,3,2
64,2,1,3,1,4,6
64,-2,2,2,3,5,4
64,2,1,3,5,3,3
64,-1,3,2,4,4,3
64,1,3,3,2,5,5
64,2,2,3,3,4,4
64,2,2,3,5,2,3
64,1,3,3,4,5,4
64,1,1,2,1,5,5
64,2,2,2,2,5,5
64,-1,2,2,3,5,4
64,0,4,2,3,4,4
64,2,3,2,2,4,4
64,2,2,2,2,5,5
64,2,1,4,5,2,3
64,2,1,2,2,5,6
64,2,1,1,2,5,6
64,1,2,1,1,6,6
64,1,2,3,2,4,4
64,2,3,2,2,4,5
64,2,3,3,4,4,4
64,1,1,3,3,3,4
64,1,2,1,2,5,5
64,2,3,2,2,4,4
64,0,2,2,3,5,4
64,2,1,3,2,5,5
64,2,1,2,2,6,5
64,1,1,3,2,5,5
64,1,5,5,5,2,2
64,2,4,1,2,5,4
64,-2,1,4,2,2,2
64,1,3,2,4,4,4
64,-3,5,3,5,2,2
64,-3,5,3,5,2,2
64,1,5,2,4,2,2
64,-2,5,3,5,2,2
65,2,2,2,3,5,5
65,2,3,2,2,6,5
65,-2,2,2,2,5,5
65,1,2,2,2,5,5
65,-1,3,2,5,5,3
65,-1,2,3,4,1,3
65,-1,2,2,4,2,4
65,2,5,2,2,6,5
65,-1,4,2,3,6,5
65,2,4,2,3,5,4
65,3,2,1,2,6,5
65,3,2,1,2,6,5
65,-1,2,2,2,4,5
65,-2,2,2,2,3,5
65,3,3,2,3,3,5
65,0,2,1,2,5,5
65,2,2,1,2,6,5
65,3,2,2,1,4,5
65,3,2,1,2,5,6
65,-2,2,1,4,4,5
65,-2,1,1,4,4,5
65,-1,2,4,2,4,5
65,3,2,2,1,5,5
65,-1,3,2,4,4,4
65,-3,3,2,3,3,4
65,-3,2,2,1,5,5
65,-2,2,1,1,5,5
65,1,5,2,2,2,4
65,-1,4,2,3,4,4
65,2,2,1,2,4,5
65,2,2,1,1,5,5
65,2,2,1,1,4,6
65,1,2,3,2,3,5
65,-1,2,1,2,4,4
65,0,2,2,2,4,4
65,2,3,1,1,4,5
65,2,1,1,1,5,5
65,3,2,1,1,5,5
65,2,2,1,1,5,5
65,3,2,1,1,5,6
65,-2,1,1,1,4,5
66,3,2,2,2,5,5
66,3,1,1,2,6,5
66,3,1,1,2,7,5
66,3,1,1,1,6,5
66,0,1,1,1,2,5
66,3,1,1,1,6,5
66,-3,6,5,3,2,2
66,3,1,5,5,2,2
66,-1,3,3,2,4,4
66,2,1,1,2,7,5
66,-3,1,4,5,1,1
66,3,1,1,4,3,1
66,3,1,2,4,2,3
66,-3,1,1,1,6,5
66,2,1,1,1,6,4
66,3,1,1,1,6,5
66,3,1,2,4,5,4
66,3,1,1,1,6,5
66,3,1,1,2,6,5
66,3,1,1,1,5,4
66,3,1,1,1,2,4
66,3,1,1,2,2,2
66,3,1,1,1,5,5
66,-2,1,1,1,3,4
66,0,1,1,1,1,1
66,3,1,1,1,1,2
66,3,1,1,3,3,3
66,2,1,2,2,1,1
66,3,1,1,1,4,4
66,3,1,1,1,7,6
66,3,1,1,1,4,4
66,2,1,1,1,4,4
67,-3,2,1,1,4,4
67,3,1,1,1,6,5
67,1,1,1,1,6,5
67,2,1,1,1,5,6
67,3,1,1,1,5,6
67,1,1,1,1,5,4
67,3,1,4,1,3,6
67,1,1,1,1,5,4
67,3,1,1,1,3,3
67,3,2,1,1,3,4
67,-1,2,1,1,4,5
67,2,1,1,1,5,4
67,2,1,1,1,5,4
67,-1,1,1,2,3,3
67,2,1,1,1,4,3
67,-2,1,1,1,4,3
67,-2,1,1,1,5,4
67,-3,1,1,1,5,4
67,1,1,1,1,4,4
67,2,1,1,1,3,4
67,3,1,1,1,4,4
67,2,1,1,1,4,4
67,1,1,1,1,5,4
67,-3,1,1,1,3,2
67,2,1,1,1,3,4
67,-2,1,1,1,3,4
67,-3,2,6,1,6,3
67,2,1,1,1,5,2
67,2,1,1,1,5,5
67,3,1,1,1,5,5
67,3,1,1,1,4,5
67,-2,1,1,1,5,4
67,3,1,1,1,3,5
67,-3,1,1,1,3,3
67,-1,1,1,1,5,3
67,1,3,1,1,4,2
67,-2,1,1,1,5,1
67,1,1,1,1,4,3
67,3,1,1,1,3,4
67,-2,2,1,1,4,3
68,3,1,1,1,6,6
68,3,1,1,1,6,6
68,3,1,1,1,4,5
68,3,1,1,1,7,6
68,3,1,1,1,6,7
68,3,1,1,4,1,4
68,-3,4,1,2,6,6
68,3,3,1,4,4,1
68,3,4,1,2,4,1
68,3,1,1,1,2,6
68,3,1,1,1,7,7
68,3,1,1,1,7,7
68,3,1,1,1,7,7
68,3,1,1,1,7,6
68,3,1,1,1,6,7
68,3,1,1,1,6,7
68,2,1,1,1,7,7
68,3,1,1,1,5,7
68,3,1,1,1,6,6
68,3,1,1,1,5,7
68,3,1,1,1,7,6
68,2,1,1,1,4,4
68,3,1,1,1,7,5
68,3,1,1,1,6,7
68,3,1,1,1,7,6
68,3,1,1,1,7,7
68,3,1,1,1,4,6
68,-3,4,1,3,2,1
68,3,1,1,1,6,6
68,-1,4,1,4,1,1
68,1,4,1,2,4,4
68,3,1,1,1,6,6
68,3,1,1,1,7,6
68,3,1,1,1,4,6
68,3,1,1,1,6,6
68,3,1,1,1,6,6
68,3,1,1,1,6,6
68,3,1,1,1,4,4
68,3,1,1,1,6,6
68,3,4,1,1,6,5
68,1,1,1,1,5,6
68,3,1,1,1,6,6
68,3,1,1,1,7,6
68,3,1,1,1,6,6
68,3,1,1,1,7,7
68,3,1,1,1,6,6
69,2,6,4,5,5,2
69,0,4,5,3,2,4
69,3,1,1,1,7,7
69,-2,3,2,5,5,3
69,0,2,1,4,6,3
69,1,6,1,2,6,5
69,3,3,1,3,6,4
69,2,2,1,3,7,4
69,3,2,1,2,6,2
69,0,6,2,1,3,2
69,2,6,2,4,4,4
69,-3,7,4,5,1,2
69,-2,6,4,4,5,4
69,1,6,2,5,4,3
69,-3,7,3,5,4,3
69,3,3,1,4,5,3
69,3,5,1,4,6,2
69,3,4,1,3,6,2
69,0,6,2,5,5,2
69,3,2,1,4,6,3
69,2,6,2,5,4,3
69,3,5,2,5,4,2
69,3,5,1,5,6,3
69,2,4,1,5,6,3
69,3,2,1,3,6,4
69,2,2,1,3,6,3
69,3,5,1,5,5,2
69,0,3,1,4,6,3
69,0,2,1,4,6,4
69,0,2,1,5,6,3
70,1,1,2,2,3,4
70,-1,2,2,3,5,2
70,3,1,1,2,3,1
70,2,3,2,2,3,5
70,2,2,1,4,3,4
70,-2,3,1,1,4,1
70,-2,5,1,5,3,1
70,-2,3,1,3,1,3
70,3,2,1,1,3,3
70,3,1,1,2,5,6
70,2,3,1,4,4,3
70,2,2,1,4,4,3
70,2,1,1,1,5,5
70,-1,4,1,1,2,1
70,-1,5,1,5,2,2
70,2,1,1,1,5,6
70,1,6,1,5,5,1
70,3,1,1,2,5,5
70,3,1,1,1,5,5
70,-1,1,1,3,3,4
70,1,1,1,1,4,7
70,1,2,1,1,4,3
70,2,4,5,1,2,3
70,3,1,1,1,4,4
70,-3,6,3,4,1,1
70,2,5,2,5,1,2
70,3,6,3,4,1,1
70,3,1,1,5,1,4
70,-2,4,2,5,1,2
70,2,3,1,1,4,5
70,1,4,1,5,1,3
70,2,3,2,2,2,3
70,2,3,1,2,3,5
70,1,1,1,1,3,4
70,2,3,1,1,5,5
71,3,1,1,1,7,4
71,3,3,1,1,4,4
71,2,4,1,1,4,1
71,3,1,1,1,4,4
71,3,2,1,1,5,1
71,3,1,1,1,7,4
71,0,1,1,3,3,1
71,1,1,1,2,4,1
71,1,1,1,1,4,1
71,1,1,1,1,5,2
71,2,1,1,1,3,1
71,-3,3,1,4,1,1
71,1,2,1,1,3,1
71,3,3,1,1,1,1
71,3,1,1,1,4,4
71,1,1,1,1,1,1
71,1,1,1,1,2,1
71,2,2,1,1,1,1
71,-2,4,4,1,1,1
71,1,1,1,1,4,5
71,1,1,1,2,4,1
71,1,2,1,2,4,1
71,0,2,1,2,2,1
71,2,2,2,2,3,1
71,1,2,1,2,4,1
71,0,1,1,2,2,1
71,3,1,1,1,3,2
71,2,1,1,1,3,2
71,3,1,1,1,5,2
71,3,1,1,1,4,2
71,3,1,1,1,4,4
71,3,1,1,1,3,4
71,3,1,1,1,1,4
72,1,2,3,3,6,5
72,2,5,5,2,3,4
72,2,2,3,2,4,2
72,3,1,1,1,6,7
72,2,4,2,2,5,5
72,3,3,1,2,6,5
72,2,3,2,2,6,5
72,3,2,2,1,4,6
72,2,2,2,2,6,6
72,3,6,2,3,5,6
72,3,2,2,2,6,6
72,2,1,1,1,6,6
72,2,4,1,2,5,5
72,2,2,2,3,5,5
72,3,2,1,2,5,6
72,2,5,5,5,4,3
72,2,6,4,4,3,4
72,2,6,5,4,4,4
72,2,6,5,4,3,4
72,2,4,3,4,4,3
72,2,5,3,1,5,4
72,2,4,4,4,5,5
72,2,3,2,3,5,5
72,1,4,4,4,4,4
72,2,5,2,3,5,4
72,2,6,5,4,4,4
72,2,5,5,3,4,4
72,2,4,5,4,4,5
72,2,5,5,4,4,4
72,2,7,5,5,3,3
72,2,5,4,4,5,4
72,1,2,4,4,5,4
72,2,3,4,4,5,5
72,2,6,5,5,3,4
72,2,5,5,5,4,3
72,2,5,5,5,5,5
73,1,5,5,6,1,2
73,2,5,3,3,2,4
73,3,3,2,3,3,3
73,3,2,2,2,5,6
73,1,3,1,2,5,5
73,2,2,2,3,6,6
73,-1,5,2,5,1,3
73,1,3,4,6,2,2
73,1,2,2,4,4,4
73,3,1,2,3,4,6
73,2,2,2,2,6,6
73,3,1,2,3,6,6
73,3,5,3,6,2,1
73,3,2,2,3,6,5
73,2,7,6,6,3,6
73,2,7,6,6,3,2
73,2,7,6,4,2,4
73,0,4,6,6,3,3
73,3,1,2,1,6,4
73,2,1,2,5,5,4
73,3,2,1,2,3,3
73,2,3,4,3,6,7
73,2,5,5,6,1,3
73,-2,6,4,6,1,2
73,2,5,2,3,3,3
73,3,1,5,3,6,6
73,2,3,4,2,6,6
73,2,2,2,4,6,6
73,2,2,3,5,5,4
73,3,1,5,3,7,3
73,2,6,5,3,2,3
73,2,3,5,2,2,2
73,1,4,3,3,5,7
73,2,2,2,1,6,6
73,-1,2,2,1,6,5
73,2,1,2,1,5,5
73,-3,7,6,1,2,1
73,-2,5,6,1,2,3
73,2,2,2,4,6,6
73,-3,6,4,4,2,3
73,2,6,6,2,3,5
73,2,1,6,3,5,7
73,3,1,2,2,5,6
73,3,1,2,2,6,6
73,2,1,2,1,7,6
74,2,2,1,4,1,1
74,2,1,1,1,4,2
74,3,2,1,5,2,1
74,3,1,1,5,5,5
74,3,1,1,1,5,4
74,3,1,1,1,4,3
74,-2,1,1,1,4,4
74,3,1,1,1,5,5
74,3,1,1,1,6,5
74,3,1,1,1,4,4
74,3,1,1,1,5,4
74,3,1,1,1,5,5
74,2,1,1,2,4,4
74,2,1,1,1,5,5
74,3,1,1,1,5,4
74,3,1,1,1,5,4
74,3,1,1,1,5,4
74,3,1,1,1,5,5
74,3,5,4,3,4,4
74,3,4,1,1,4,1
74,3,1,1,1,4,4
74,2,1,1,1,5,4
74,0,1,1,1,4,4
74,2,1,1,1,4,4
74,1,1,4,1,4,4
74,2,4,1,1,5,4
74,2,1,1,1,4,4
74,3,1,1,1,5,4
74,2,1,1,1,5,5
74,2,1,1,1,5,4
74,3,1,1,1,5,4
74,2,1,1,1,4,4
74,3,1,1,1,5,4
74,2,1,1,1,5,5
74,2,1,1,1,5,4
74,2,1,2,2,5,4
74,1,1,1,1,5,4
74,3,1,1,1,5,5
74,2,1,1,1,5,5
74,3,1,1,1,5,5
74,3,1,1,1,5,5
74,2,1,1,1,5,5
74,1,3,3,1,3,3
74,2,2,1,2,5,5
74,2,1,1,1,5,5
74,3,1,1,1,5,5
74,3,2,3,1,5,3
74,1,1,1,1,5,5
74,3,1,1,1,5,5
74,2,1,1,1,5,5
74,3,1,1,1,5,4
75,3,4,1,1,3,5
75,3,1,1,1,7,7
75,2,2,1,1,1,5
75,3,1,1,1,6,6
75,3,3,1,2,5,4
75,3,7,6,6,1,1
75,-1,4,4,3,1,3
75,-3,4,1,5,1,4
75,1,4,1,1,2,4
75,3,1,1,1,6,6
75,2,1,1,1,6,6
75,1,2,1,1,7,4
75,-1,1,1,1,2,5
75,0,1,1,1,6,6
75,3,1,1,1,2,5
75,0,1,1,1,6,7
75,2,1,1,1,6,5
75,-3,5,2,1,1,4
75,3,4,1,1,1,5
75,-3,1,1,1,4,7
75,3,1,1,1,1,6
75,-2,1,1,1,2,6
75,-3,7,1,3,1,2
75,-3,6,1,1,7,5
75,2,1,1,1,6,6
75,1,1,1,1,7,7
75,-3,1,1,1,6,7
75,-3,6,1,1,1,5
75,-3,7,1,1,1,7
75,2,7,1,1,1,5
75,-3,4,1,1,3,5
75,2,1,1,1,7,7
75,3,7,1,1,1,6
75,3,2,1,1,5,7
75,-2,7,6,3,1,1
75,2,1,1,1,1,6
75,3,1,1,1,4,7
75,-2,1,1,1,6,6
75,-3,7,2,1,1,5
75,-2,3,1,1,4,5
75,3,1,1,1,7,7
75,2,1,1,1,4,4
76,3,5,5,4,3,2
76,2,2,1,1,4,3
76,2,2,1,2,4,3
76,3,2,1,1,5,5
76,3,3,1,1,4,4
76,3,2,1,3,3,3
76,2,1,1,1,5,4
76,2,3,1,1,3,3
76,-3,1,1,1,3,3
76,1,5,1,2,2,2
76,2,3,1,2,4,3
76,2,1,1,1,4,3
76,3,3,1,1,3,3
76,-3,3,1,2,2,3
76,3,1,1,1,5,3
76,2,2,1,1,4,3
76,2,1,1,1,4,4
76,2,1,1,1,4,3
76,3,1,1,1,4,4
76,-1,1,2,2,3,2
76,2,3,1,3,3,3
76,2,2,1,2,3,3
76,2,2,2,1,3,3
76,2,1,1,1,5,3
76,2,2,1,1,3,3
76,-2,2,1,1,2,3
76,2,1,1,1,4,3
76,1,3,2,2,3,2
76,2,1,1,1,4,3
76,2,1,1,1,5,4
76,2,2,1,1,4,3
76,-3,3,1,3,3,3
76,2,1,1,1,4,3
76,2,2,1,1,3,3
76,3,1,1,1,4,4
76,2,1,1,1,4,3
76,2,2,1,1,4,2
76,2,3,1,2,3,3
77,1,3,1,1,5,5
77,2,3,1,1,5,5
77,3,2,1,1,5,5
77,2,3,1,1,5,5
77,2,2,1,1,5,4
77,2,2,1,1,6,6
77,3,1,4,2,4,4
77,0,4,2,3,1,3
77,0,3,1,4,4,3
77,1,5,1,4,4,3
77,-2,5,1,4,4,4
77,-3,5,1,3,4,4
77,-3,6,5,7,2,2
77,-1,5,3,4,2,3
77,1,3,1,2,6,6
77,1,4,1,4,5,5
77,3,1,1,2,5,4
77,3,2,1,2,5,5
77,3,2,1,1,6,6
77,2,1,1,1,2,3
77,1,3,1,4,5,5
77,3,2,1,1,5,5
77,3,2,1,1,6,6
77,2,1,1,1,5,6
77,-3,4,1,4,3,3
77,-3,5,5,5,2,2
77,1,1,1,2,4,4
77,1,1,1,1,5,4
77,2,3,1,4,4,4
77,2,3,1,1,5,4
77,-1,1,1,1,5,4
77,3,1,1,1,5,6
77,2,2,1,1,4,4
77,1,1,1,1,5,5
77,0,1,1,1,4,5
77,-1,2,1,3,4,4
77,0,2,1,1,5,5
78,1,4,2,2,4,4
78,3,6,4,5,3,2
78,2,2,2,2,6,5
78,3,4,2,3,4,4
78,3,2,2,1,5,5
78,-2,3,2,5,4,3
78,-3,4,1,1,5,5
78,1,3,1,2,5,5
78,-1,2,1,3,4,5
78,3,5,4,5,3,2
78,2,3,2,2,5,5
78,3,2,2,2,5,5
78,-1,4,3,2,5,4
78,1,4,3,4,4,3
78,1,4,3,4,3,3
78,0,4,2,2,4,4
78,1,5,4,3,3,4
78,-1,5,5,6,2,2
78,2,5,5,6,2,2
78,2,3,2,3,5,5
78,1,2,2,2,4,5
78,3,2,2,2,5,5
78,2,5,1,1,5,5
78,2,3,3,2,5,5
78,2,4,5,3,3,4
78,3,4,4,2,5,5
78,3,5,4,2,4,4
78,-1,4,2,2,5,5
78,1,3,2,2,5,5
78,2,2,3,2,4,5
78,2,2,2,2,5,5
78,3,3,2,2,5,5
78,2,4,1,1,5,5
78,1,4,2,2,5,5
78,2,5,2,5,3,2
78,0,2,2,2,5,5
78,-2,5,1,3,2,2
78,-1,3,2,2,4,5
78,-2,3,2,2,5,4
78,1,4,2,2,4,3
78,2,4,2,2,4,5
78,2,2,1,4,4,3
78,2,2,1,2,4,5
78,0,3,2,2,5,5
78,2,3,1,4,2,2
79,2,3,1,1,5,6
79,2,5,1,1,5,5
79,0,1,1,1,7,7
79,3,3,1,1,6,6
79,1,2,1,1,5,5
79,1,1,1,1,4,4
79,0,1,1,1,6,6
79,2,1,1,1,7,7
79,2,2,1,1,6,6
79,-2,1,1,1,4,5
79,2,3,6,4,1,3
79,2,1,1,5,3,3
79,3,1,1,1,6,6
79,3,1,1,1,6,6
79,3,1,1,1,7,7
79,-2,1,1,1,7,5
79,0,4,1,5,4,4
79,2,2,1,2,5,4
79,-1,2,1,1,5,4
79,-1,2,1,2,3,4
79,-3,2,1,4,3,4
79,1,3,1,3,5,5
79,2,1,1,3,3,4
79,1,1,1,1,6,6
79,3,1,1,1,6,7
79,2,1,1,2,7,6
79,-3,2,1,2,5,5
79,2,3,1,3,5,4
79,2,3,1,5,4,3
79,0,2,2,3,4,5
79,2,3,1,5,5,3
79,2,5,1,5,2,4
79,3,1,1,1,7,6
79,2,2,1,2,6,5
79,3,1,1,1,5,6
79,2,1,1,1,7,6
79,1,1,1,1,6,6
79,0,1,1,1,5,5
79,2,2,1,1,6,6
79,0,2,1,1,5,5
79,0,1,1,1,6,6
79,2,2,1,1,5,5
79,2,3,2,3,4,5
79,1,2,1,1,3,5
79,-2,3,2,3,2,3
79,2,2,1,2,4,5
79,2,1,1,1,6,5
80,2,1,1,4,5,5
80,0,2,1,3,2,2
80,2,4,1,3,6,6
80,3,1,1,2,5,6
80,3,1,1,2,3,6
80,2,1,1,4,4,5
80,2,1,1,4,4,5
80,-2,1,1,1,6,4
80,3,1,1,1,5,5
80,1,1,1,1,4,5
80,1,5,1,1,5,6
80,3,1,1,1,5,6
80,3,1,1,1,6,6
80,0,1,1,1,3,4
80,2,5,1,1,3,3
80,-3,1,1,4,2,2
80,2,1,1,1,4,4
80,-1,6,3,2,1,1
80,2,5,1,1,1,4
80,2,1,1,1,1,1
80,2,4,1,4,4,4
80,2,6,1,1,3,2
80,-2,5,1,5,5,2
80,2,6,5,6,2,4
80,2,6,1,2,5,4
80,2,6,1,3,1,2
80,-3,1,1,3,1,4
80,3,4,1,2,3,2
80,2,1,1,2,1,4
80,2,1,1,1,7,4
80,2,1,1,1,6,6
80,2,1,1,1,4,6
80,-1,3,1,4,2,3
80,3,3,1,2,5,5
80,2,1,5,2,2,4
80,2,4,3,5,2,3
80,1,4,1,6,1,4
80,3,1,1,1,5,6
80,1,5,1,1,4,4
80,2,1,1,1,4,5
80,3,1,1,1,5,6
80,3,1,1,1,6,6
81,1,7,1,3,6,2
81,-3,7,1,4,1,1
81,-2,2,1,1,6,6
81,-1,7,1,6,1,2
81,-1,4,1,1,6,4
81,-2,1,1,1,7,7
81,2,1,1,1,5,5
81,2,4,1,4,4,1
81,-3,2,1,3,4,3
81,2,2,1,2,6,6
81,2,1,1,3,6,5
81,-3,7,1,7,4,2
81,-1,4,1,5,6,5
81,-3,6,5,4,2,1
81,1,6,1,5,4,3
81,1,7,1,3,4,4
81,2,2,1,2,6,7
81,3,4,1,5,7,1
81,3,1,1,1,7,7
81,3,1,1,2,6,6
81,1,6,1,1,5,5
81,-3,4,5,5,2,4
81,2,1,3,1,4,7
81,3,1,5,1,4,6
81,-2,1,1,1,7,6
81,-3,1,1,1,7,7
81,1,6,1,5,4,1
81,-3,7,1,6,6,1
81,3,6,1,3,4,6
81,-2,2,3,6,4,1
81,3,7,2,5,4,1
81,-2,7,1,7,5,1
81,3,3,1,6,5,4
81,2,2,1,1,7,7
81,2,5,2,1,3,3
81,1,4,1,1,3,5
81,3,2,1,1,5,6
81,-2,2,1,1,3,4
81,-3,7,1,6,5,4
81,0,4,1,3,3,4
81,3,2,1,3,6,6
82,1,1,2,2,2,4
82,0,6,5,2,1,1
82,2,2,4,2,2,3
82,2,4,4,2,2,2
82,3,2,2,2,3,3
82,3,2,3,2,4,2
82,1,3,2,2,3,3
82,1,2,3,2,2,3
82,3,2,2,2,5,6
82,2,2,2,2,5,6
82,2,2,2,2,5,6
82,2,2,2,2,5,5
82,2,2,2,2,5,5
82,2,2,3,2,5,5
82,1,4,2,3,4,4
82,2,3,2,2,3,4
82,-1,2,2,2,3,2
82,3,2,2,2,4,5
82,1,4,2,2,5,4
82,1,3,2,2,5,4
82,2,4,2,2,4,5
82,1,2,2,2,5,5
82,2,2,2,2,6,5
82,-1,2,2,1,5,5
82,3,2,2,1,5,5
82,2,2,2,1,5,5
82,1,2,2,2,4,4
82,2,2,3,1,5,5
82,-2,4,2,2,2,4
82,0,2,3,2,4,4
82,2,2,2,2,3,4
82,1,5,3,2,3,4
82,2,4,1,6,3,1
82,1,2,2,4,4,2
82,1,5,2,2,3,3
82,2,2,2,2,6,6
82,3,2,2,2,6,6
82,1,2,2,2,6,6
82,2,2,2,2,6,6
82,2,2,2,2,5,6
82,2,2,2,2,6,6
82,2,2,2,2,6,6
82,1,2,2,2,6,6
83,0,1,1,3,6,6
83,0,1,2,2,4,4
83,2,1,2,2,5,6
83,3,1,1,2,3,5
83,2,1,1,2,5,4
83,2,1,1,3,4,4
83,2,1,1,2,6,4
83,2,1,1,1,6,5
83,2,1,2,5,4,4
83,0,1,1,1,4,4
83,1,1,1,1,6,5
83,2,1,1,1,7,5
83,1,1,1,2,3,4
83,3,1,1,2,5,5
83,1,1,1,1,6,5
83,3,1,1,1,6,6
83,1,1,1,2,5,4
83,1,1,1,1,5,5
83,1,3,1,3,2,4
83,2,1,1,2,2,2
83,2,1,1,2,5,4
83,2,1,1,2,2,5
83,1,1,1,2,5,5
83,1,1,1,3,4,4
83,1,1,1,2,5,6
83,2,1,1,2,5,2
83,-1,2,1,2,4,3
83,1,4,1,5,4,3
83,1,1,1,1,5,3
83,1,2,1,2,3,3
83,0,1,1,5,4,1
83,2,1,1,5,5,4
83,1,1,1,3,5,4
83,0,2,1,3,6,6
83,1,1,1,2,6,6
83,1,1,1,1,6,5
83,1,1,1,2,5,5
83,2,1,1,1,6,6
83,1,2,1,1,6,6
84,3,2,2,1,6,5
84,2,5,1,1,1,5
84,3,2,2,1,6,6
84,-1,7,2,5,2,2
84,-3,6,3,3,4,4
84,2,5,4,4,3,3
84,1,6,2,3,3,5
84,3,6,1,3,4,4
84,3,6,2,4,4,4
84,3,6,2,1,5,5
84,3,5,1,1,4,5
84,-2,5,2,1,5,5
84,3,5,3,5,4,4
84,3,6,2,3,4,3
84,3,6,1,2,4,4
84,-3,7,1,5,1,1
84,-3,4,1,6,1,1
84,2,5,1,6,1,1
84,3,5,3,4,1,1
84,3,6,1,4,4,1
84,3,6,3,5,2,1
84,2,6,3,4,1,1
84,3,7,4,6,1,2
84,2,7,5,5,2,1
84,-1,7,6,6,1,1
84,-3,7,7,6,1,2
84,-1,7,7,7,1,1
84,1,5,4,6,2,2
84,3,4,2,4,2,3
84,3,6,1,4,4,5
84,-3,6,1,5,4,4
84,2,6,3,3,3,3
84,2,6,2,4,3,3
84,3,5,3,4,4,4
84,3,6,2,3,4,4
84,-3,6,4,5,3,3
84,2,5,2,4,4,3
84,3,6,2,1,4,3
84,3,4,2,4,4,4
84,3,1,2,4,4,4
84,3,5,2,3,4,4
84,3,4,2,2,4,4
84,3,4,2,4,1,4
84,3,5,2,3,4,4
84,3,4,2,2,4,5
84,3,3,2,3,5,4
84,2,3,2,3,2,4
84,3,4,3,4,2,3
84,3,5,2,3,2,4
84,3,2,2,3,4,4
84,-2,6,2,6,2,1
84,1,6,2,5,3,3
85,-2,6,2,6,2,1
85,-1,2,1,2,5,3
85,-1,1,1,2,2,3
85,-3,7,1,6,2,2
85,-2,6,1,5,2,1
85,1,4,2,2,4,3
85,-2,2,2,2,4,5
85,2,3,2,3,4,4
85,2,5,2,4,3,2
85,2,4,1,3,3,3
85,-2,4,1,5,3,2
85,2,2,1,2,5,5
85,2,4,2,2,5,5
85,1,2,2,2,5,5
85,2,1,1,2,5,5
85,-3,2,2,2,4,3
85,2,1,1,1,6,6
85,2,1,1,1,5,5
85,-3,5,4,3,3,3
85,1,2,1,2,4,4
85,-3,4,1,2,4,3
85,2,4,1,2,6,4
85,3,2,1,1,6,5
85,2,1,1,1,6,6
85,-2,4,1,2,6,4
85,-2,5,2,5,3,2
85,2,1,1,3,5,3
85,2,1,1,3,6,3
85,-1,3,1,5,5,2
85,0,2,2,4,2,4
85,2,4,1,3,5,4
85,0,3,1,2,5,5
85,2,2,1,2,5,5
85,1,1,1,1,5,5
85,0,1,1,1,5,5
85,0,1,1,2,5,5
85,-1,2,1,2,3,3
85,2,1,1,2,5,4
86,2,2,1,1,6,5
86,2,4,1,4,4,4
86,2,5,1,4,5,4
86,2,2,1,2,5,6
86,1,3,1,2,6,6
86,1,1,1,1,6,6
86,3,1,1,2,7,6
86,-1,4,1,4,4,4
86,1,2,1,2,6,5
86,1,2,1,2,7,6
86,3,4,1,2,6,4
86,0,3,1,2,4,3
86,2,4,1,3,3,3
86,3,1,1,1,6,6
86,3,1,1,1,6,6
86,2,1,1,1,6,6
86,3,3,1,1,4,5
86,1,2,1,1,6,6
86,1,1,1,2,5,4
86,1,1,1,1,5,6
86,3,1,1,5,5,4
86,3,1,1,1,6,6
86,3,1,1,1,5,6
86,3,1,1,1,5,6
86,3,1,1,1,6,6
86,2,1,1,1,6,6
86,2,1,1,1,6,5
86,3,4,2,2,4,4
86,1,1,1,1,6,5
86,1,3,1,2,5,4
86,2,1,1,1,6,5
86,2,1,1,1,4,4
86,0,1,1,1,4,4
86,1,1,1,1,4,4
86,2,3,1,1,5,4
86,2,1,1,1,6,5
86,1,1,1,1,4,4
86,2,6,3,4,3,4
86,3,5,3,1,3,4
86,2,5,3,4,4,4
86,2,5,3,3,4,4
86,-3,5,3,2,4,4
86,2,5,3,2,4,4
87,3,6,1,5,3,5
87,-3,6,6,5,3,3
87,3,3,1,2,5,5
87,3,2,1,1,6,6
87,3,1,1,1,3,6
87,3,3,1,1,6,6
87,-3,7,6,7,2,1
87,2,6,5,7,2,3
87,3,5,6,1,2,5
87,3,6,3,3,3,5
87,3,6,3,3,3,5
87,3,3,1,1,5,5
87,-3,6,3,3,3,3
87,3,4,1,2,5,5
87,-3,5,1,3,3,5
87,-3,6,3,1,3,5
87,3,6,3,3,3,5
87,2,5,2,2,5,5
87,-1,5,1,1,3,5
87,3,5,1,1,5,5
87,3,5,1,1,2,5
87,3,3,1,1,5,5
87,2,3,1,1,5,5
87,3,3,1,1,5,6
87,-3,5,1,3,3,5
87,-2,5,3,3,3,5
87,-3,5,3,1,3,5
87,3,5,1,1,5,5
87,3,5,1,1,3,5
87,-1,5,1,1,3,5
87,3,3,1,1,5,5
87,-3,5,3,1,3,5
87,3,3,1,1,5,5
87,-2,5,1,1,3,5
87,-3,3,1,1,3,5
87,3,3,1,1,3,5
87,3,3,1,1,5,5
87,1,3,1,1,3,5
87,-3,3,1,1,3,5
87,3,3,1,1,3,5
87,3,5,1,1,2,5
87,-3,3,1,1,5,6
87,-3,5,1,3,3,5
87,0,3,1,1,3,5
88,3,1,1,1,6,6
88,3,1,1,1,5,6
88,3,1,1,1,6,6
88,2,1,1,1,5,6
88,1,1,1,1,6,6
88,-3,5,1,1,3,1
88,-3,5,1,5,2,1
88,0,1,1,4,4,4
88,2,1,1,4,5,6
88,-1,1,1,1,4,1
88,-1,4,1,4,2,1
88,1,1,1,4,4,4
88,1,4,1,1,3,4
88,1,2,1,2,4,4
88,2,3,1,2,3,5
88,2,1,1,1,4,5
88,2,1,1,1,5,6
88,2,1,1,1,6,6
88,1,2,1,1,4,4
88,2,1,1,1,3,5
88,1,2,1,1,2,5
88,1,1,1,1,2,5
88,1,6,1,1,3,3
88,0,1,1,1,3,5
88,2,5,1,1,2,4
88,2,1,1,1,3,4
88,2,3,1,4,3,4
88,1,4,1,1,3,4
88,1,4,1,1,3,4
88,3,3,1,1,3,4
88,3,1,1,1,4,6
88,1,3,1,1,3,4
88,3,3,1,1,3,5
88,2,1,1,1,3,4
88,3,4,1,1,2,4
88,2,2,1,1,4,4
88,1,5,1,4,4,4
88,1,5,1,1,3,4
88,3,1,1,1,3,4
88,1,3,1,1,3,4
88,3,3,1,1,3,5
88,2,4,1,1,4,5
88,2,3,1,1,6,6
88,2,1,1,1,6,6
88,2,1,1,1,6,6
88,1,2,1,1,4,5
88,-1,1,1,3,3,4
88,2,2,1,1,3,4
88,0,2,1,1,3,5
88,0,3,1,4,3,4
88,2,3,1,3,3,4
88,1,2,1,3,3,4
