1,4,3,6,5,4,2
1,2,1,5,4,4,2
1,5,2,5,3,5,5
1,5,-3,6,2,3,5
1,3,1,6,3,5,3
1,4,2,5,2,2,5
1,5,3,2,1,2,6
1,3,2,5,2,4,3
1,3,-2,5,2,3,2
1,4,-3,5,1,3,4
1,4,2,5,2,3,5
1,5,3,3,2,2,5
1,5,3,5,2,2,5
1,5,3,3,1,2,6
1,4,3,5,2,2,2
1,3,2,5,2,5,4
1,3,-3,6,2,5,4
1,5,3,5,2,2,5
1,3,0,6,2,5,5
1,4,2,5,2,3,5
1,5,3,5,2,2,5
1,4,1,5,2,3,4
1,3,-3,5,2,4,3
1,3,0,5,2,5,3
1,4,0,6,1,5,2
1,4,1,3,2,3,5
1,4,2,5,2,5,4
1,4,0,5,1,3,4
1,3,1,4,1,4,4
1,4,2,5,1,3,5
1,5,2,4,1,2,5
1,3,3,6,2,5,4
1,3,-3,5,2,5,3
1,4,2,5,1,3,4
1,4,2,5,2,3,4
1,4,2,4,2,3,5
1,4,-1,4,2,2,4
1,5,0,3,2,3,4
2,6,3,2,3,1,5
2,5,1,2,2,1,4
2,4,2,4,2,1,3
2,4,1,6,4,4,2
2,4,-1,4,3,4,4
2,4,1,3,1,2,4
2,4,2,4,2,4,4
2,3,1,4,2,3,2
2,4,2,3,3,3,3
2,4,2,4,2,2,4
2,4,1,4,2,3,2
2,3,0,4,3,2,2
2,4,2,5,5,3,4
2,4,-3,4,4,3,4
2,2,-3,6,4,4,4
2,3,2,6,5,4,3
2,4,1,4,4,3,4
2,4,-2,5,3,4,2
2,5,2,4,3,3,4
2,4,1,4,4,3,2
2,4,0,4,3,3,4
2,4,0,3,2,3,4
2,3,1,4,3,3,4
2,4,2,3,3,3,4
2,3,0,4,3,4,4
2,5,3,4,3,3,5
2,4,0,5,3,3,2
2,4,1,6,3,3,3
2,2,1,6,5,5,2
2,2,1,5,5,4,2
2,2,0,5,3,5,3
2,2,-1,5,4,3,4
2,3,1,6,4,4,4
2,4,0,4,4,3,4
2,4,3,4,3,2,4
2,4,3,4,3,3,3
2,4,3,4,3,2,4
2,4,3,5,4,3,3
2,4,0,4,5,3,3
2,4,2,5,2,4,3
2,4,2,4,4,2,3
2,3,1,6,7,2,3
3,1,-2,6,2,6,2
3,2,0,6,2,6,2
3,2,1,6,4,6,2
3,2,0,6,2,2,2
3,2,1,5,2,3,2
3,2,2,2,2,2,4
3,3,1,2,2,4,4
3,2,1,4,2,6,2
3,4,1,4,1,4,4
3,2,1,6,3,7,2
3,1,1,4,2,4,3
3,2,2,6,5,5,2
3,4,1,4,2,4,4
3,2,2,3,2,4,2
3,2,1,3,2,5,2
3,2,1,3,2,4,2
3,2,2,2,2,3,2
3,2,-1,5,2,7,2
3,2,0,5,2,6,2
3,2,2,3,2,2,3
3,4,2,2,2,5,4
3,2,2,5,2,6,2
3,2,1,5,4,6,2
3,2,1,4,3,4,2
3,3,1,6,2,4,2
3,2,2,4,2,5,2
3,3,2,3,2,4,5
3,2,1,3,2,4,2
3,3,0,5,2,4,2
3,4,2,2,2,3,4
3,2,1,4,5,5,3
3,2,1,2,2,5,2
3,1,0,4,1,4,4
3,4,1,4,2,3,3
3,2,2,2,2,2,4
3,1,2,3,2,2,4
3,3,2,4,2,2,4
3,2,2,3,1,3,4
3,2,1,6,2,2,3
4,3,3,1,3,1,4
4,5,3,1,1,1,6
4,5,-3,1,1,1,5
4,4,3,1,1,2,5
4,5,3,1,1,1,6
4,4,3,1,1,1,6
4,4,3,1,1,1,6
4,3,3,3,2,3,4
4,3,3,1,2,2,5
4,4,3,1,1,2,5
4,4,3,1,1,1,6
4,3,1,2,2,2,5
4,4,2,1,2,2,3
4,5,2,1,1,1,5
4,4,3,2,1,2,3
4,3,-1,2,2,1,4
4,3,3,2,1,2,4
4,4,-1,2,1,2,5
4,5,2,1,1,1,4
4,2,-1,3,2,4,3
4,2,-2,3,2,5,3
4,5,3,1,2,2,4
4,3,-1,2,2,3,5
4,3,-1,1,1,4,5
4,3,-1,4,2,3,4
4,2,-1,3,2,5,4
4,3,0,3,1,5,4
4,2,1,1,2,4,4
4,3,1,1,1,2,4
4,4,3,1,1,2,5
4,4,-1,3,1,5,4
4,4,3,1,2,2,5
4,2,3,2,4,4,3
4,4,1,1,2,2,5
4,5,3,1,1,2,4
4,2,1,1,2,3,2
4,4,2,1,1,2,5
4,3,-1,1,1,3,5
5,4,1,3,1,2,3
5,2,2,5,2,2,3
5,4,2,4,1,1,3
5,1,-3,6,2,6,1
5,3,2,3,1,3,3
5,6,2,1,1,2,4
5,4,1,4,1,1,4
5,4,-2,5,1,2,3
5,6,3,1,1,1,5
5,3,3,2,1,2,3
5,5,2,1,1,1,5
5,3,2,4,1,1,4
5,4,2,6,1,1,3
5,3,0,3,1,2,2
5,5,0,4,1,1,5
5,5,-2,3,1,1,5
5,5,3,2,2,1,5
5,4,-2,1,1,1,4
5,4,1,3,3,2,4
5,4,2,4,1,1,3
5,4,2,5,1,1,4
5,3,1,3,1,1,4
5,4,3,3,1,2,3
5,3,2,2,1,1,4
5,5,2,3,1,1,4
5,4,2,2,1,1,4
5,5,3,3,1,1,5
5,4,1,5,1,1,5
5,6,3,3,1,1,6
5,5,3,3,1,1,6
5,2,2,7,2,3,3
5,5,2,2,1,1,6
5,5,3,4,1,1,6
6,1,3,1,4,6,5
6,1,1,5,5,4,3
6,3,1,4,5,4,2
6,2,0,5,5,3,3
6,2,2,2,5,4,3
6,5,2,2,2,2,5
6,3,2,4,4,4,4
6,4,1,2,4,4,4
6,2,0,4,2,4,5
6,2,1,2,4,4,5
6,2,-2,5,4,4,3
6,3,1,4,5,5,2
6,3,0,5,4,5,4
6,4,2,2,4,3,4
6,2,0,1,3,3,3
6,4,0,4,3,4,4
6,3,2,2,4,2,4
6,4,2,2,3,3,4
6,2,2,4,5,4,3
6,3,1,1,2,3,5
6,4,2,1,2,4,5
6,4,1,2,2,3,5
6,3,2,3,1,4,3
6,4,2,1,1,3,4
6,3,0,2,4,3,3
6,4,1,1,5,3,4
6,4,2,2,5,3,4
6,3,1,3,2,3,4
6,2,-1,2,5,4,4
6,3,0,4,5,5,4
6,3,2,4,5,3,4
6,4,2,2,5,4,3
6,2,0,4,5,4,2
7,2,2,4,4,3,1
7,2,-1,1,3,3,2
7,5,3,2,2,2,3
7,4,2,2,2,3,2
7,3,2,2,2,3,4
7,4,1,2,3,3,3
7,3,0,1,3,3,2
7,5,1,1,2,2,3
7,2,-2,3,2,4,1
7,2,-1,1,2,3,2
7,6,0,6,4,4,2
7,5,0,5,5,4,2
7,5,0,3,2,3,2
7,4,2,1,2,4,3
7,5,0,1,1,3,5
7,2,1,3,4,4,2
7,5,1,2,4,3,2
7,4,1,1,2,2,4
7,4,1,1,1,2,4
7,5,-2,1,1,2,5
7,4,3,2,2,4,4
7,4,2,2,2,4,3
7,4,1,1,3,3,3
7,5,2,2,2,2,4
7,4,2,2,1,2,5
7,4,1,1,2,3,5
7,4,1,1,2,3,4
7,5,1,1,2,3,5
7,4,1,2,3,3,2
7,4,1,2,4,3,2
7,4,-1,1,2,4,2
7,4,1,2,4,4,2
7,2,1,1,2,5,1
7,4,1,2,4,4,2
7,4,2,2,3,4,2
7,3,1,2,3,4,2
7,4,-1,2,4,4,3
7,4,1,2,2,4,4
7,4,1,2,3,4,2
7,4,1,1,4,4,3
7,4,-2,2,2,4,3
8,2,0,6,1,3,2
8,2,2,2,1,3,1
8,5,-2,2,2,2,4
8,3,-1,6,1,2,2
8,2,1,2,1,2,3
8,5,3,1,1,2,4
8,3,2,3,1,3,3
8,2,0,5,2,2,1
8,2,0,5,2,2,1
8,4,2,1,1,2,6
8,4,3,1,1,2,6
8,3,3,2,1,2,4
8,4,2,2,1,3,5
8,4,3,2,2,2,3
8,4,2,6,2,6,2
8,4,2,2,2,2,6
8,3,3,1,1,5,2
8,2,0,6,2,5,1
8,4,2,3,2,4,2
8,3,2,2,1,1,4
8,4,0,2,2,2,4
8,5,2,2,2,2,2
8,2,2,5,2,6,1
8,5,3,2,1,1,5
8,2,2,3,2,3,2
8,6,2,4,1,2,5
8,5,1,2,1,2,2
8,6,3,2,1,2,5
8,5,3,2,1,2,6
8,4,2,4,1,2,4
8,5,2,1,1,1,6
8,3,1,5,1,4,2
8,3,-2,7,4,1,2
8,5,3,2,1,2,5
9,2,-1,5,2,6,3
9,2,-3,5,2,5,4
9,3,1,4,2,4,2
9,2,0,4,1,4,3
9,4,1,2,1,2,5
9,3,-2,3,2,4,1
9,4,0,3,1,2,4
9,3,-1,5,1,4,3
9,4,1,4,1,5,4
9,2,1,3,1,2,3
9,2,-2,6,1,5,2
9,2,1,5,2,6,3
9,1,-2,3,2,5,2
9,2,1,4,1,5,4
9,3,0,3,1,3,4
9,3,0,5,1,2,5
9,3,-2,3,2,4,3
9,3,-3,3,1,4,3
9,3,1,4,1,3,2
9,2,0,3,2,4,1
9,2,1,3,2,3,3
9,4,2,4,3,3,3
9,3,1,4,1,2,3
9,4,2,3,1,2,4
9,2,1,4,1,4,2
9,1,-3,4,3,7,1
9,4,1,5,1,3,4
9,2,-2,3,2,5,2
9,4,1,4,1,3,4
9,3,-3,4,1,5,3
9,2,-3,4,2,5,3
9,3,1,3,1,5,4
10,4,2,2,1,1,5
10,5,3,1,1,1,5
10,5,3,1,1,1,5
10,5,3,1,1,1,5
10,6,3,1,1,1,6
10,6,3,3,1,2,4
10,6,3,1,1,1,6
10,6,2,1,1,1,6
10,4,3,2,1,1,4
10,1,2,2,1,3,4
10,4,1,3,1,1,4
10,5,3,3,1,1,4
10,1,3,3,1,2,2
10,2,2,1,1,1,2
10,4,3,2,1,1,4
10,4,3,1,1,1,3
10,4,2,1,1,1,4
10,5,3,1,1,1,5
10,6,3,1,1,1,5
10,4,3,1,1,1,4
10,3,2,3,1,1,3
10,4,1,2,1,1,4
10,1,-3,5,1,5,1
10,4,3,2,1,3,3
10,4,3,1,1,1,4
10,4,2,1,1,1,4
10,4,-2,3,4,1,1
10,3,-2,3,1,1,4
10,4,3,2,1,1,3
10,6,3,1,1,1,6
11,4,3,1,1,1,3
11,4,2,4,1,1,4
11,3,-1,4,1,3,4
11,4,2,4,1,4,4
11,3,1,1,1,2,3
11,5,0,1,6,1,6
11,5,3,3,1,1,6
11,5,3,4,1,1,5
11,4,0,4,4,1,1
11,4,0,4,1,5,4
11,4,2,4,1,4,1
11,5,2,4,1,1,4
11,4,3,4,1,1,4
11,4,3,4,1,3,4
11,1,3,4,1,1,4
11,6,2,1,1,1,6
11,5,3,4,1,1,3
11,6,3,1,1,1,4
11,6,3,1,1,1,6
11,5,3,1,1,1,5
11,6,3,1,1,1,5
11,1,3,1,1,1,5
11,5,3,1,1,1,5
11,5,2,1,1,1,5
11,5,3,4,1,1,5
11,6,3,1,1,1,6
11,6,3,1,1,1,6
11,5,3,1,1,1,5
11,4,3,3,1,2,4
11,5,3,2,1,1,5
11,4,3,2,1,3,3
11,4,-2,2,1,3,4
11,4,2,2,1,2,3
11,3,-2,3,1,2,4
11,5,2,2,1,1,4
11,4,3,2,1,1,4
11,4,3,2,1,1,3
11,4,2,2,1,1,4
11,4,1,2,1,1,4
11,2,0,4,1,2,2
11,1,-1,2,1,2,4
12,4,3,3,4,1,1
12,4,3,3,3,1,1
12,5,3,4,1,1,4
12,4,3,2,1,1,3
12,1,0,6,4,2,1
12,3,0,4,1,3,4
12,3,3,4,1,1,4
12,6,0,4,1,1,4
12,6,3,1,1,2,6
12,4,0,6,3,1,3
12,4,3,4,1,2,4
12,7,3,4,2,2,4
12,4,3,4,2,1,1
12,4,3,4,1,1,3
12,4,3,4,1,1,4
12,3,0,4,1,1,1
12,5,3,3,1,1,4
12,6,3,2,1,1,5
12,6,3,1,1,1,4
12,3,0,4,2,2,4
12,5,3,3,1,1,4
12,7,3,1,1,1,4
12,5,3,7,1,1,1
12,4,3,3,1,1,3
12,3,-3,5,1,2,3
12,4,0,3,1,2,1
12,3,3,6,5,4,3
12,4,3,1,1,1,4
12,4,0,4,2,2,3
12,3,0,5,1,1,3
12,4,0,4,1,1,4
13,2,1,5,5,5,2
13,2,0,4,5,5,3
13,3,1,5,4,5,4
13,3,0,5,4,4,3
13,4,2,1,1,3,5
13,1,-3,1,6,1,1
13,2,1,2,4,4,2
13,2,-1,1,1,4,3
13,3,0,3,1,4,4
13,2,2,2,2,2,5
13,2,2,3,2,3,4
13,2,1,2,5,3,2
13,1,-1,5,5,5,1
13,1,-2,3,2,3,1
13,2,-2,2,4,5,3
13,2,-1,2,4,2,2
13,1,0,2,2,2,3
13,2,1,1,1,3,3
13,2,0,1,1,3,4
13,2,2,1,1,2,3
13,2,0,4,4,4,3
13,2,1,3,3,3,3
13,1,2,5,5,6,1
13,4,2,2,2,2,4
13,5,2,2,3,2,4
13,2,1,4,4,4,3
13,4,0,2,2,2,4
13,4,1,1,2,3,4
13,4,2,2,1,3,4
13,4,1,1,1,2,2
13,2,2,2,2,4,3
13,3,2,2,1,1,3
13,1,2,1,1,1,3
13,2,2,2,2,2,2
13,2,1,1,1,3,4
13,2,2,2,1,2,4
14,6,2,1,1,1,6
14,5,3,1,1,1,7
14,6,3,1,1,1,6
14,5,2,1,1,1,7
14,7,3,1,1,1,7
14,4,2,1,1,1,7
14,6,3,1,1,1,6
14,4,1,3,2,3,4
14,5,3,2,1,2,4
14,5,3,1,1,2,5
14,7,3,1,1,1,7
14,7,3,1,1,1,7
14,4,3,1,1,1,5
14,4,-1,3,1,1,4
14,6,3,1,1,1,7
14,5,3,1,1,1,4
14,4,-1,2,1,2,4
14,3,-1,4,1,4,4
14,5,-2,3,1,1,2
14,3,3,3,1,2,2
14,5,2,2,1,1,4
14,5,3,3,1,2,5
14,5,2,4,1,3,4
14,6,3,1,1,1,6
14,7,3,1,1,1,7
14,7,3,1,1,1,7
14,6,3,1,1,2,6
14,7,3,1,1,1,7
14,6,3,1,1,1,7
14,7,1,1,1,1,7
14,6,2,2,1,1,6
14,6,2,1,1,1,6
14,2,3,5,3,5,2
14,6,2,1,1,1,6
14,7,3,1,1,1,6
14,6,3,1,1,1,6
14,6,2,1,1,1,6
14,7,3,1,1,1,7
14,6,3,1,1,2,5
14,7,3,1,1,1,6
14,6,3,1,1,1,6
14,6,3,1,1,1,7
14,5,1,1,1,1,4
14,7,3,1,1,1,6
14,3,3,2,1,2,4
14,4,2,4,1,1,5
14,6,3,1,1,1,7
14,6,3,1,1,1,7
14,7,2,1,1,1,7
15,5,-3,1,1,1,4
15,5,3,1,1,1,5
15,6,3,1,1,1,6
15,6,3,1,1,1,6
15,5,2,1,1,1,6
15,5,-2,1,1,1,5
15,5,0,1,1,1,5
15,6,2,1,1,1,6
15,4,-3,1,1,1,4
15,7,3,1,1,1,7
15,5,3,1,1,1,5
15,5,2,1,1,1,5
15,5,3,1,1,1,6
15,6,3,1,1,1,6
15,5,2,1,1,1,5
15,5,3,1,1,1,5
15,4,2,1,1,1,4
15,5,-2,1,1,1,4
15,5,2,3,1,1,4
15,6,3,1,1,1,6
15,4,2,3,1,1,5
15,6,3,1,1,1,6
15,6,3,1,1,1,5
15,5,-3,1,6,1,1
15,5,2,1,1,1,5
15,6,3,1,1,1,6
15,6,3,1,1,1,6
15,6,3,1,1,1,6
15,6,3,1,1,1,6
15,5,3,1,1,1,5
15,6,3,1,1,1,6
15,1,3,6,6,1,2
15,4,-2,1,1,1,2
15,5,0,2,1,1,2
15,4,3,1,1,1,5
15,6,3,1,1,1,6
15,6,3,1,1,1,6
15,6,3,1,1,1,6
16,4,2,3,2,4,3
16,5,1,1,1,1,4
16,4,2,1,1,2,4
16,4,3,1,2,3,4
16,2,0,5,3,5,6
16,4,2,5,1,2,4
16,3,1,4,3,4,3
16,4,-1,2,2,4,4
16,4,-3,3,2,3,6
16,4,0,3,4,4,4
16,1,-1,1,1,3,4
16,4,2,1,1,4,4
16,4,3,4,2,3,3
16,4,2,4,1,4,3
16,5,3,1,1,2,4
16,5,1,1,1,1,5
16,4,2,4,1,4,4
16,5,1,1,4,1,4
16,2,-2,3,1,3,2
16,4,-2,2,1,3,4
16,4,-1,1,1,4,4
16,5,2,1,2,2,2
16,5,-1,1,1,1,3
16,3,0,2,4,4,4
16,4,1,1,1,4,4
16,5,0,1,1,1,6
16,2,2,1,2,3,2
16,2,2,4,1,6,1
16,2,0,5,4,7,2
16,3,1,3,2,4,4
16,5,2,1,2,4,4
16,5,3,2,1,2,4
16,4,2,2,2,4,4
16,3,1,5,2,5,3
16,4,2,1,4,4,3
16,4,2,1,4,4,4
16,4,1,4,3,4,4
16,4,2,1,2,3,4
16,4,0,1,1,4,4
16,4,-3,1,1,4,4
16,4,2,1,3,4,4
16,3,2,1,3,5,4
16,3,2,1,1,3,3
17,6,3,1,1,1,7
17,5,3,1,1,1,6
17,6,-1,1,1,1,6
17,5,1,1,1,1,4
17,1,2,3,1,1,1
17,1,2,6,1,4,1
17,1,-2,1,1,1,1
17,6,3,1,1,1,7
17,6,3,1,1,1,6
17,1,-2,7,1,4,4
17,1,3,6,1,5,2
17,1,2,6,1,4,1
17,1,-1,6,4,1,1
17,1,2,1,1,5,1
17,5,2,1,1,1,5
17,5,-2,1,1,1,6
17,5,3,1,1,1,5
17,6,2,1,1,1,5
17,5,3,1,1,1,6
17,4,-3,4,1,1,6
17,1,2,1,1,4,4
17,4,-3,4,1,1,4
17,1,3,4,1,4,4
17,1,-3,6,1,4,5
17,4,2,4,1,4,4
17,4,3,1,1,1,1
17,3,0,1,1,1,4
17,4,3,1,1,1,4
17,4,2,1,1,1,5
17,4,3,1,1,1,5
17,5,-2,1,1,1,5
17,5,3,1,1,1,6
17,5,3,1,1,1,5
17,5,-1,1,1,1,6
17,4,3,1,1,1,1
17,4,2,1,1,3,4
17,1,-1,1,1,3,3
17,1,-2,1,1,4,4
18,5,3,6,2,4,4
18,3,-1,6,4,4,2
18,4,2,6,2,4,2
18,2,2,6,3,5,2
18,5,3,4,2,2,3
18,4,-2,4,2,4,3
18,5,2,5,2,2,2
18,5,2,3,1,2,4
18,5,1,2,2,2,5
18,5,3,4,2,3,3
18,4,2,3,2,2,5
18,3,0,4,2,3,4
18,5,3,5,2,2,3
18,4,1,5,2,4,2
18,4,-2,3,1,2,4
18,5,1,2,1,1,6
18,4,0,6,1,3,4
18,4,2,6,2,4,2
18,3,0,5,3,4,1
18,5,2,4,2,2,2
18,2,-3,5,4,6,2
18,3,1,4,2,5,3
18,5,2,4,1,2,4
18,4,3,5,2,2,5
18,5,2,4,2,2,5
18,5,2,3,1,1,5
18,6,2,3,1,2,5
18,5,2,2,1,1,6
18,5,2,3,1,1,6
18,5,3,2,1,1,5
18,5,2,3,3,2,4
18,5,2,4,1,4,4
18,4,1,3,2,1,4
18,4,1,4,2,2,2
18,5,3,3,1,1,6
18,3,-1,5,1,2,2
18,4,3,4,3,4,5
18,3,-1,5,2,3,2
18,5,2,4,1,2,3
18,6,3,1,1,1,5
18,4,0,5,1,4,5
18,3,2,5,2,4,4
18,2,-1,7,3,5,1
18,5,2,1,1,1,5
18,5,2,4,1,2,5
19,4,-2,5,2,3,2
19,2,1,6,5,6,2
19,6,3,3,2,2,4
19,5,1,4,2,3,4
19,3,-2,6,2,5,2
19,2,1,6,2,3,2
19,6,0,2,1,3,6
19,5,3,3,2,4,4
19,6,2,2,1,2,6
19,4,-1,4,2,3,2
19,2,1,5,5,6,2
19,5,-2,4,3,2,3
19,5,-2,3,2,3,4
19,6,-1,2,2,2,5
19,5,3,2,2,2,5
19,2,0,5,4,3,2
19,5,-1,3,2,3,5
19,3,1,5,2,4,3
19,2,-2,4,6,4,2
19,6,2,3,4,2,3
19,6,-2,4,2,3,5
19,3,1,4,2,3,4
19,5,0,5,4,3,3
19,2,-1,5,4,5,2
19,4,-1,4,5,2,2
19,4,1,4,5,3,2
19,3,-1,5,2,3,3
19,5,1,5,1,2,4
19,5,2,3,2,3,5
19,5,-2,4,2,3,5
19,5,1,4,1,3,4
19,6,-2,2,1,2,6
19,2,2,5,5,3,2
19,5,3,4,1,2,6
19,6,0,4,1,2,6
19,5,3,2,1,2,6
19,4,-3,4,2,3,2
19,5,2,4,2,2,4
19,4,2,5,2,3,2
19,2,-2,6,5,5,2
19,5,2,3,2,3,3
19,3,-3,5,2,5,2
19,3,1,5,2,4,3
19,4,2,5,2,6,3
20,4,1,5,4,4,3
20,3,1,4,3,3,3
20,4,1,5,2,4,2
20,5,2,2,2,5,6
20,3,2,5,2,5,4
20,4,1,4,2,5,5
20,5,1,4,2,3,6
20,4,1,5,2,6,5
20,4,2,3,1,4,5
20,5,-1,3,1,3,5
20,5,-2,4,1,4,5
20,5,1,4,1,2,5
20,5,1,3,1,3,5
20,5,1,2,1,2,5
20,6,2,1,1,2,6
20,5,0,4,1,2,5
20,6,3,3,1,2,6
20,5,1,4,1,2,5
20,2,-3,7,1,6,1
20,2,3,7,1,6,6
20,4,-2,5,1,3,4
20,5,3,3,1,3,5
20,5,2,3,1,2,6
20,5,3,3,1,2,5
20,5,2,4,1,2,5
20,5,3,2,1,2,6
20,5,3,2,1,2,5
20,6,3,1,1,2,6
20,6,2,1,1,1,6
20,5,2,4,1,2,5
20,4,1,3,1,3,6
20,5,2,4,1,2,5
20,4,2,4,1,2,2
20,4,1,2,1,3,4
20,5,0,2,1,2,5
20,3,0,3,1,2,4
20,3,2,4,1,5,4
20,5,2,2,1,2,5
21,6,0,4,2,2,4
21,6,3,2,2,2,4
21,6,2,2,1,1,6
21,6,2,2,1,1,5
21,6,-1,1,1,1,6
21,5,2,3,2,1,5
21,5,2,3,1,3,4
21,5,-2,1,1,3,6
21,5,2,3,1,1,5
21,6,2,2,1,2,6
21,6,0,1,1,1,7
21,6,0,2,1,1,5
21,1,1,1,1,2,7
21,6,1,2,1,1,7
21,6,-2,2,1,1,5
21,6,2,2,1,1,6
21,6,1,1,1,2,6
21,6,1,2,1,1,6
21,6,3,1,1,1,6
21,6,-1,1,1,1,6
21,6,1,2,1,1,2
21,6,1,2,1,1,6
21,5,1,1,2,3,6
21,6,1,1,1,2,6
21,5,0,2,1,2,5
21,6,1,2,1,2,3
21,5,-1,2,2,2,5
21,6,1,2,1,1,5
21,5,-2,2,1,2,5
21,6,0,2,1,1,6
22,6,2,1,1,2,6
22,6,2,1,1,2,6
22,6,3,1,1,1,5
22,5,2,1,1,1,6
22,5,2,1,1,2,3
22,4,2,1,1,3,6
22,6,3,1,1,1,6
22,6,2,1,1,1,5
22,6,2,1,1,1,6
22,6,2,1,1,1,6
22,6,3,1,1,1,6
22,6,2,1,1,1,6
22,6,2,1,1,1,6
22,6,2,1,1,1,6
22,6,2,1,1,1,6
22,5,0,1,1,1,5
22,4,-2,1,1,3,4
22,4,0,2,2,2,4
22,4,1,1,1,2,5
22,4,1,1,1,3,4
22,5,2,1,1,1,5
22,4,2,1,1,1,2
22,6,-1,1,1,1,5
22,6,1,1,1,1,5
22,6,2,1,1,1,6
22,6,2,1,1,1,6
22,6,3,1,1,1,6
22,4,-1,1,1,2,4
22,6,2,1,1,1,5
22,5,2,1,1,1,6
22,6,2,1,1,1,5
22,4,0,1,1,2,4
23,1,1,3,1,2,5
23,4,2,1,1,1,6
23,5,2,1,1,1,4
23,4,3,3,1,5,4
23,4,1,1,1,2,3
23,3,1,5,1,1,5
23,5,2,1,1,1,5
23,3,2,1,1,1,4
23,5,3,2,1,2,5
23,6,2,1,1,1,3
23,5,3,1,1,1,5
23,1,-3,4,1,1,4
23,2,-3,1,1,1,5
23,4,2,1,1,1,4
23,5,2,1,1,2,3
23,5,3,1,1,1,4
23,5,2,1,1,1,6
23,4,3,1,1,1,5
23,4,2,1,1,1,5
23,5,3,1,1,1,5
23,1,-3,3,1,1,1
23,3,-1,3,1,2,4
23,2,2,1,1,3,4
23,2,-1,4,1,5,3
23,4,-1,1,1,1,4
23,2,2,4,1,5,2
23,5,3,1,1,3,5
23,6,3,1,1,1,5
23,6,3,1,1,1,5
23,4,2,1,1,1,4
23,3,2,2,1,3,3
23,5,3,1,1,1,5
23,5,3,1,1,1,5
23,4,1,2,1,1,4
23,4,2,1,1,1,5
23,5,2,1,1,1,5
23,4,2,1,1,2,4
23,4,2,1,1,1,5
23,6,2,1,1,1,6
23,5,3,1,1,1,5
24,3,0,5,1,1,1
24,2,-1,5,4,4,1
24,5,3,3,1,1,4
24,4,-2,4,1,1,4
24,4,3,4,1,1,4
24,4,3,1,1,1,4
24,5,-2,1,3,1,4
24,5,2,1,1,1,4
24,5,2,1,1,1,5
24,3,2,2,1,1,4
24,2,-2,4,1,1,4
24,5,-1,1,4,1,4
24,5,3,4,1,1,5
24,4,-2,4,4,1,4
24,5,3,1,1,1,4
24,4,2,1,1,1,4
24,5,3,1,1,1,5
24,2,2,4,1,2,4
24,2,-3,4,1,1,1
24,4,-2,4,1,1,3
24,5,3,5,1,1,3
24,5,-2,4,1,1,4
24,5,3,1,1,1,4
24,3,-3,5,1,1,5
24,2,3,5,5,1,1
24,1,-3,6,4,5,1
24,4,-2,5,1,1,2
24,5,3,4,1,1,4
24,5,2,4,1,1,4
24,6,3,1,1,1,5
24,5,3,1,1,1,5
24,3,2,1,1,5,5
24,5,2,1,1,1,4
24,1,0,3,1,1,4
24,1,-2,5,1,5,1
24,4,-1,1,1,1,5
24,4,2,1,1,1,4
24,1,-1,4,1,4,4
24,1,3,4,4,4,4
24,1,3,5,4,1,1
24,4,-3,5,1,4,1
24,4,-3,4,1,1,4
24,1,-3,5,1,5,4
24,4,-2,4,1,1,4
24,5,3,2,1,1,5
24,6,2,3,1,1,4
24,5,3,1,1,1,4
24,5,3,1,1,1,4
25,1,2,7,1,4,1
25,5,3,1,1,1,5
25,4,3,1,1,1,7
25,6,3,1,1,1,7
25,6,3,1,1,1,6
25,6,3,6,1,1,4
25,6,3,5,1,1,6
25,2,-2,7,2,4,1
25,4,-3,5,1,5,6
25,4,2,3,1,5,2
25,4,3,1,1,2,4
25,4,-2,6,1,2,5
25,3,-2,7,5,4,1
25,2,2,7,1,3,1
25,5,3,1,1,2,4
25,4,2,4,1,2,4
25,4,0,1,1,2,5
25,4,3,1,1,2,4
25,6,3,1,1,2,6
25,6,3,1,1,1,6
25,2,3,7,1,1,2
25,4,-2,7,1,1,5
25,4,0,1,1,1,4
25,6,2,1,1,1,6
25,5,-3,1,1,1,6
25,4,3,1,1,1,4
25,6,3,1,1,1,7
25,1,3,1,1,1,6
25,3,2,1,1,1,3
25,6,0,1,1,1,6
25,6,3,1,1,1,6
25,4,-2,4,1,1,4
25,4,2,4,1,1,4
25,1,3,7,1,1,7
25,1,-3,7,4,1,1
25,1,-2,7,1,1,6
25,4,3,4,1,1,4
25,6,3,1,1,1,6
25,4,3,1,1,1,6
25,4,0,7,1,1,4
25,6,-2,1,1,1,4
25,4,1,1,1,1,4
25,1,0,1,1,1,4
25,2,-3,1,1,1,4
25,4,2,1,1,1,2
25,5,3,1,1,1,5
26,2,1,7,6,6,2
26,2,3,7,6,7,1
26,1,-3,7,5,7,1
26,1,1,7,3,6,1
26,2,3,6,2,4,2
26,2,2,6,3,3,2
26,2,3,6,2,3,2
26,3,3,5,3,3,4
26,4,2,5,2,4,5
26,3,2,3,1,3,3
26,4,2,6,1,3,3
26,5,2,5,1,3,5
26,5,3,4,5,5,4
26,5,3,3,1,3,6
26,6,3,2,1,2,6
26,6,3,3,1,1,7
26,6,3,1,1,1,6
26,6,0,1,1,1,7
26,5,1,6,1,1,4
26,5,3,3,1,2,4
26,4,0,3,1,3,5
26,5,0,2,1,3,5
26,5,0,2,1,3,4
26,3,0,2,1,4,5
26,5,2,1,1,3,4
26,5,3,2,1,3,5
26,4,2,5,1,3,4
26,5,0,6,1,3,4
26,4,3,6,1,3,4
26,4,3,4,1,3,4
26,3,1,5,1,4,2
26,3,2,5,1,4,4
26,3,3,4,1,3,5
26,5,2,3,1,3,4
26,5,3,2,1,3,5
26,4,0,5,1,3,3
26,3,3,5,1,3,3
26,1,-1,5,1,6,3
26,1,0,5,1,5,4
26,3,0,4,1,3,5
26,3,-3,6,1,5,3
26,2,-1,6,1,6,2
26,3,-1,6,1,6,3
26,2,2,6,1,6,3
26,2,0,6,1,6,3
26,2,1,7,1,6,3
26,4,3,4,1,4,5
26,5,-3,4,1,3,6
26,5,3,3,1,3,5
27,3,-1,5,1,6,4
27,4,2,4,2,4,3
27,4,-2,4,1,2,4
27,4,-2,5,1,2,3
27,3,1,3,1,4,4
27,4,1,5,1,3,3
27,3,1,5,1,2,3
27,2,0,3,1,3,4
27,3,-2,5,1,5,3
27,3,1,5,1,4,3
27,3,0,5,1,5,2
27,3,-3,5,1,4,2
27,4,1,5,1,5,4
27,3,-1,5,1,5,3
27,3,-2,5,1,5,4
27,3,-3,4,1,4,3
27,2,0,7,1,6,2
27,1,0,7,1,6,2
27,2,2,6,2,5,3
27,4,2,4,1,4,4
27,4,2,4,1,4,4
27,2,0,5,1,4,3
27,2,1,6,1,5,2
27,2,3,6,3,7,1
27,2,0,6,3,5,1
27,3,1,5,2,5,3
27,3,2,5,1,5,3
27,3,2,5,2,5,3
27,1,-3,6,4,7,1
27,1,-3,6,1,7,3
27,2,-2,6,3,6,1
27,2,0,6,3,6,1
27,3,0,5,1,4,2
27,3,1,5,2,5,2
27,4,1,5,3,5,4
27,3,1,6,2,5,2
27,1,1,5,1,5,3
27,3,-1,6,5,5,2
27,2,1,6,1,6,3
27,2,0,5,1,6,2
27,4,2,5,2,5,4
27,4,2,5,1,5,4
27,3,2,5,3,5,4
27,4,1,6,1,5,4
28,5,2,2,1,2,6
28,6,0,1,2,1,6
28,6,2,2,1,1,6
28,3,1,2,1,2,4
28,4,2,1,1,1,6
28,7,2,1,1,1,6
28,5,3,3,2,1,6
28,5,2,4,1,2,5
28,5,3,2,1,2,6
28,4,2,3,1,1,6
28,5,2,2,1,1,3
28,4,3,1,3,1,5
28,5,3,1,1,1,5
28,6,3,2,1,1,6
28,7,3,1,1,1,7
28,3,3,1,1,1,4
28,5,3,1,1,1,6
28,4,1,3,2,1,4
28,7,2,1,1,1,6
28,4,1,1,1,1,4
28,4,2,1,1,2,5
28,6,3,1,1,1,6
28,6,3,1,1,1,7
28,6,3,1,1,1,7
28,5,3,2,1,2,5
28,5,3,1,1,1,4
28,6,3,1,1,1,6
28,5,2,2,2,1,5
28,6,3,1,1,1,5
28,4,1,3,2,2,5
28,6,1,1,1,1,6
28,6,2,1,1,1,6
28,6,3,1,1,1,6
28,6,3,1,1,1,4
29,4,2,4,2,2,3
29,2,0,6,4,2,3
29,4,2,2,3,3,4
29,1,1,6,5,3,4
29,6,2,3,1,1,5
29,3,1,6,5,4,2
29,3,1,3,4,3,3
29,2,-1,5,3,3,4
29,6,2,2,2,1,5
29,3,1,6,4,4,4
29,5,2,4,2,2,5
29,4,1,4,2,2,4
29,3,1,4,2,2,5
29,3,-1,5,4,2,4
29,3,0,6,5,4,3
29,2,1,5,4,4,3
29,3,2,4,4,2,5
29,4,-1,4,3,2,2
29,4,1,4,2,1,4
29,6,3,3,1,2,5
29,5,2,2,2,2,5
29,5,2,3,1,2,5
29,4,-1,1,1,1,3
29,4,1,5,3,1,4
29,5,2,3,1,1,5
29,5,2,3,1,2,5
29,5,2,1,2,2,4
29,3,1,2,1,2,3
29,5,2,3,1,1,4
29,3,0,1,1,1,3
29,6,3,1,1,1,6
29,4,2,2,1,1,4
29,4,0,4,1,2,5
29,4,-2,3,2,1,4
29,5,1,1,1,2,5
29,4,1,4,1,2,4
29,5,2,3,2,1,5
29,5,3,4,1,1,5
29,2,-1,1,1,1,4
29,2,2,1,1,1,2
29,5,3,2,1,1,5
29,4,1,3,1,2,5
29,5,2,1,1,1,5
29,5,-2,3,2,2,5
29,5,2,2,1,1,5
29,5,3,2,1,1,5
29,2,2,3,1,1,5
30,2,1,6,4,2,1
30,3,0,7,2,3,2
30,2,0,7,2,2,3
30,4,3,6,1,2,5
30,2,-1,5,6,2,1
30,3,2,4,3,2,2
30,4,3,4,4,3,4
30,3,3,5,4,4,5
30,2,0,5,2,2,2
30,3,2,5,1,2,5
30,3,0,5,1,3,3
30,4,3,2,2,2,3
30,4,3,4,1,1,4
30,5,3,2,1,1,5
30,6,2,3,1,1,6
30,2,1,5,1,5,1
30,4,-2,6,1,1,1
30,4,-1,7,1,1,5
30,3,3,5,1,1,4
30,1,-1,7,1,5,1
30,5,2,6,1,1,5
30,5,2,7,3,1,5
30,2,-1,7,5,6,1
30,5,2,7,1,4,5
30,5,2,7,1,4,5
30,5,2,5,1,2,6
30,6,2,6,4,1,4
30,1,2,7,1,6,4
30,1,3,7,1,2,1
30,2,2,7,1,5,4
30,2,1,7,2,3,3
30,2,3,7,1,5,5
30,4,3,7,1,3,5
30,2,-3,6,1,1,3
30,4,3,4,1,1,5
30,4,3,6,1,3,4
30,1,-3,6,1,6,5
30,4,-1,7,1,3,4
30,4,1,7,1,3,5
30,5,2,7,1,1,5
31,3,-3,6,1,2,6
31,4,0,6,5,2,4
31,3,-3,6,3,6,1
31,6,3,1,1,2,6
31,6,3,1,1,2,6
31,6,-2,1,1,1,6
31,5,3,2,1,1,5
31,6,0,2,1,2,6
31,4,3,1,1,1,5
31,4,3,3,4,3,5
31,2,3,6,7,1,4
31,4,2,1,1,1,3
31,5,3,1,1,1,6
31,5,3,4,1,1,5
31,6,3,2,1,1,6
31,4,3,1,1,1,5
31,6,3,1,1,1,6
31,5,-2,1,1,1,3
31,6,3,1,1,1,7
31,6,3,1,1,1,6
31,5,0,1,1,1,4
31,4,3,1,1,2,4
31,6,3,1,1,1,6
31,3,-3,5,5,3,5
31,3,3,5,3,3,5
31,4,3,3,1,2,5
31,6,1,2,1,2,6
31,6,3,2,1,2,6
31,1,0,4,3,4,1
31,4,0,2,1,1,4
31,5,2,1,1,2,5
31,5,3,1,1,1,6
31,4,-2,4,2,3,4
31,4,0,3,1,2,5
31,3,0,1,1,3,5
31,2,-1,7,7,7,4
31,3,-2,2,5,5,4
31,1,-3,2,1,7,1
31,2,-1,4,1,2,4
31,2,3,5,6,5,2
31,4,3,2,1,1,4
31,4,3,2,3,2,2
31,4,2,2,3,2,4
31,4,0,2,1,2,4
31,4,0,2,1,2,4
32,3,1,7,3,6,5
32,3,-1,7,6,3,2
32,3,2,6,3,6,4
32,2,2,5,3,4,5
32,4,3,6,3,3,5
32,3,2,6,3,5,4
32,3,0,6,4,5,4
32,2,1,6,4,6,5
32,4,2,5,2,6,2
32,2,-3,4,4,6,2
32,4,-2,6,4,5,3
32,4,1,6,3,4,3
32,2,1,5,4,4,2
32,2,2,6,3,5,4
32,5,2,4,1,4,5
32,4,2,5,3,5,5
32,5,2,4,2,4,5
32,5,2,5,2,3,5
32,4,2,6,2,3,5
32,6,2,2,1,4,6
32,2,1,5,5,4,4
32,3,-1,5,2,5,5
32,4,1,6,3,3,4
32,3,0,6,3,6,5
32,4,1,5,5,6,4
32,5,3,4,2,4,5
32,3,2,6,4,5,2
32,5,2,6,1,3,5
32,1,0,4,5,5,4
32,3,2,6,3,5,2
32,2,1,7,6,5,3
32,3,2,7,3,5,2
32,3,0,6,4,5,5
32,2,1,6,6,6,2
32,4,0,4,5,6,3
32,4,1,6,3,5,5
32,3,2,6,3,6,2
32,4,2,6,2,4,4
32,4,1,6,5,6,3
32,3,2,4,3,3,4
32,4,2,5,5,5,4
32,3,2,5,5,5,3
33,2,-3,5,3,1,1
33,3,3,5,1,1,4
33,3,2,3,1,1,5
33,5,3,2,1,3,5
33,1,2,2,1,3,5
33,1,-2,5,1,5,4
33,1,-1,6,3,3,1
33,1,-2,6,1,4,2
33,2,2,5,1,4,3
33,5,-2,1,1,1,5
33,3,3,5,1,3,5
33,4,0,3,1,3,2
33,1,-1,6,1,4,1
33,1,0,5,1,3,2
33,5,3,2,1,1,4
33,5,2,3,1,1,4
33,1,-1,5,1,1,1
33,1,-1,4,1,4,1
33,3,0,5,1,3,4
33,1,1,3,1,3,3
33,2,1,6,1,4,1
33,4,3,3,1,3,4
33,3,3,5,1,3,3
33,3,3,5,3,3,2
33,3,2,3,1,1,4
33,2,3,5,1,4,1
33,4,3,2,1,1,5
33,2,3,5,4,3,2
33,2,2,6,1,4,4
33,2,-3,5,1,3,3
33,4,3,4,1,5,4
33,5,3,3,1,1,5
33,5,3,2,1,2,5
33,5,3,3,1,2,5
33,5,3,4,1,1,5
33,1,3,7,1,3,1
33,2,-3,4,1,3,3
33,5,3,4,1,2,4
33,1,2,5,1,4,1
33,4,3,3,1,3,4
33,5,3,4,1,2,4
33,4,3,4,1,2,4
33,5,1,3,1,1,5
33,1,0,6,1,4,1
34,2,0,6,1,5,2
34,2,0,4,2,5,1
34,1,2,4,3,4,1
34,2,2,6,6,5,1
34,2,2,1,3,3,5
34,1,-2,6,7,6,1
34,3,0,5,5,5,1
34,4,2,1,1,1,5
34,1,-1,5,2,4,2
34,1,1,6,5,7,1
34,4,2,1,1,3,5
34,5,1,1,1,2,6
34,2,0,5,2,6,3
34,2,1,6,2,6,5
34,2,2,5,4,3,4
34,6,2,3,2,7,1
34,1,-3,4,1,6,1
34,1,0,7,5,7,2
34,2,1,2,4,5,4
34,2,2,5,3,7,2
34,5,2,1,2,2,5
34,2,-3,4,4,4,2
34,5,2,1,1,1,5
34,1,1,1,1,2,3
34,5,1,1,1,1,6
34,4,1,5,1,1,2
34,1,3,6,5,6,2
34,1,-3,6,5,7,1
34,1,-1,5,1,6,2
34,2,0,6,5,6,1
34,2,0,5,5,5,2
34,2,-3,6,6,6,2
34,1,0,6,6,6,1
34,5,1,4,1,2,4
34,4,2,1,1,2,6
34,5,2,1,1,1,5
34,1,1,2,2,3,1
34,4,2,5,1,4,4
34,5,2,1,1,1,5
34,5,2,1,1,1,6
34,4,1,2,1,1,4
34,4,0,4,2,4,4
34,4,1,2,1,1,5
34,2,-1,5,4,5,2
35,5,-1,1,1,3,6
35,4,-1,6,1,5,2
35,5,2,5,1,4,6
35,5,2,1,2,3,5
35,2,-3,7,5,7,2
35,5,2,7,1,2,7
35,6,3,1,1,1,6
35,2,-3,5,6,5,4
35,5,-2,1,1,1,6
35,5,2,6,1,4,6
35,7,3,4,1,1,6
35,7,3,1,1,1,7
35,6,1,2,1,1,5
35,4,2,5,4,1,1
35,2,2,6,6,6,2
35,5,3,1,1,2,7
35,5,3,1,1,1,7
35,5,2,4,1,1,5
35,6,3,2,1,1,6
35,6,-2,4,1,1,6
35,5,2,4,1,1,6
35,5,3,4,1,1,3
35,6,3,4,1,1,5
35,4,-3,7,3,2,3
35,6,3,1,1,1,7
35,7,3,1,1,1,7
35,5,2,5,1,1,5
35,5,-3,1,1,1,7
35,5,-2,3,1,5,5
35,4,-3,6,4,3,3
35,6,3,3,1,1,7
35,6,3,2,1,1,7
35,6,-3,2,1,1,6
35,6,2,4,1,1,6
35,5,-2,3,1,1,6
35,6,2,4,1,2,6
35,5,2,5,1,1,6
35,6,3,5,1,1,6
35,6,2,3,1,1,6
35,5,2,4,1,1,5
35,5,1,5,1,2,5
36,3,2,5,1,4,4
36,6,2,1,1,1,5
36,5,0,4,1,1,6
36,3,0,6,1,3,3
36,5,2,2,4,5,3
36,6,3,2,1,2,6
36,4,2,5,1,5,4
36,2,2,5,1,3,3
36,5,1,1,1,5,5
36,5,3,1,1,1,4
36,5,3,1,1,2,5
36,2,2,6,3,2,2
36,4,3,3,1,2,3
36,6,3,2,1,1,6
36,6,3,1,1,1,6
36,6,3,1,1,1,6
36,5,3,1,1,1,5
36,6,1,3,1,1,6
36,3,-2,4,1,5,3
36,3,-1,2,1,5,3
36,1,-1,4,1,3,5
36,2,2,4,1,4,4
36,1,1,2,1,6,2
36,1,1,1,1,4,6
36,3,3,3,1,5,3
36,4,2,1,1,3,4
36,2,-2,5,1,5,2
36,4,2,4,1,5,3
36,2,1,3,1,3,3
36,3,-2,3,1,5,4
36,5,3,1,1,1,5
36,6,3,1,1,1,6
36,5,2,2,1,2,5
36,6,-2,1,1,1,5
36,5,3,2,1,4,2
36,5,3,1,1,1,5
36,6,3,1,1,1,5
36,6,3,3,1,1,3
36,5,-1,4,2,2,5
36,5,0,2,1,2,5
37,2,-2,7,4,5,3
37,2,2,6,4,3,1
37,4,2,2,2,4,4
37,4,2,3,2,3,4
37,5,2,1,1,2,5
37,5,3,1,1,2,6
37,5,2,3,1,1,5
37,4,1,5,1,2,4
37,1,2,6,3,6,4
37,5,-2,6,3,2,2
37,1,-3,7,6,6,2
37,3,2,6,4,5,2
37,2,-1,6,6,5,2
37,2,1,6,5,6,2
37,2,1,5,5,4,4
37,2,0,6,6,6,2
37,2,3,6,6,6,3
37,2,2,6,4,5,2
37,2,-3,6,6,5,2
37,2,-1,6,5,6,2
37,2,1,6,5,3,2
37,2,2,5,2,5,2
37,1,2,6,5,6,2
37,2,0,6,5,5,2
37,2,2,6,2,4,2
37,4,3,5,5,6,2
37,4,2,5,2,3,4
37,3,-3,6,3,5,2
37,1,1,5,4,6,3
37,2,1,6,3,5,2
37,3,0,6,4,6,3
37,3,-3,5,3,5,2
37,3,2,5,3,2,2
38,4,0,5,1,1,4
38,5,2,5,2,2,5
38,5,3,5,1,3,5
38,6,3,5,3,2,4
38,5,2,3,1,4,5
38,4,2,6,4,6,2
38,2,2,6,5,6,2
38,5,2,2,1,3,6
38,5,1,2,1,3,5
38,4,3,5,2,2,3
38,3,-3,6,5,3,2
38,4,3,3,2,4,4
38,4,3,2,1,2,5
38,5,2,2,1,2,4
38,5,2,2,1,2,5
38,5,3,1,1,1,5
38,5,2,1,1,1,5
38,6,3,1,1,1,4
38,4,1,7,5,2,1
38,4,3,4,1,2,2
38,2,2,6,2,2,2
38,4,2,1,1,1,3
38,5,2,1,1,1,5
38,6,2,2,1,2,6
38,4,2,2,1,1,6
38,5,2,2,1,2,4
38,3,3,3,1,2,2
38,5,3,3,1,1,3
38,6,2,1,1,2,4
38,5,2,1,1,1,3
38,3,2,2,1,1,3
38,1,1,2,1,1,1
39,3,1,4,1,7,1
39,4,0,3,1,6,4
39,3,1,6,1,6,6
39,5,-3,1,1,4,5
39,4,3,4,1,5,3
39,4,-3,1,1,5,3
39,5,2,1,1,4,5
39,5,3,1,1,5,6
39,5,3,1,1,2,3
39,5,1,1,1,2,5
39,6,3,1,1,2,4
39,7,2,1,1,1,4
39,6,2,1,1,1,5
39,5,0,2,1,3,5
39,5,-1,1,2,3,3
39,4,1,1,1,1,1
39,5,3,1,1,2,5
39,5,3,1,1,5,7
39,6,1,1,1,1,4
39,4,-3,7,2,6,2
39,5,1,5,1,3,4
39,4,2,4,1,3,2
39,5,3,2,1,2,3
39,5,1,1,1,1,4
39,5,1,2,1,3,3
39,5,1,1,1,4,6
39,6,2,1,1,5,4
39,5,3,1,1,2,5
39,5,2,1,1,2,4
39,4,2,1,1,2,4
39,5,0,3,1,2,4
40,2,0,5,5,5,5
40,5,3,3,5,2,4
40,4,3,5,6,3,2
40,5,1,3,1,3,4
40,5,3,2,2,2,5
40,5,2,3,1,2,5
40,6,3,1,1,1,6
40,6,2,2,1,2,6
40,4,-3,4,2,1,2
40,6,3,2,1,1,5
40,5,-2,4,2,2,4
40,3,3,5,2,2,3
40,4,3,5,4,3,3
40,4,2,6,2,5,4
40,5,3,3,5,2,4
40,6,3,1,4,2,5
40,5,-3,6,2,3,3
40,4,3,4,2,5,4
40,4,-2,6,5,4,4
40,5,3,4,5,2,4
40,1,3,7,6,6,2
40,1,0,7,6,5,2
40,4,3,6,3,4,4
40,1,-3,7,7,7,1
40,1,1,7,5,6,1
40,1,2,7,1,5,1
40,1,-3,7,6,4,2
40,4,3,5,5,2,4
40,4,-1,5,6,3,2
40,4,3,2,2,3,4
40,1,2,4,5,5,3
40,2,1,4,5,2,3
40,5,2,4,3,2,5
40,5,3,4,4,2,3
40,5,1,3,6,1,3
40,1,-3,7,7,7,1
40,1,-3,7,7,6,1
40,3,2,6,5,5,2
40,4,3,3,4,4,4
40,4,2,3,5,3,3
40,5,3,4,3,1,4
40,5,3,3,2,1,5
40,6,2,2,2,2,5
41,5,2,2,1,2,6
41,2,1,3,4,5,2
41,1,-3,6,3,5,1
41,3,-2,3,2,3,6
41,3,1,4,2,4,3
41,4,2,2,1,2,4
41,5,-2,2,3,2,5
41,4,-1,1,1,2,4
41,4,3,4,2,5,3
41,4,2,3,5,4,3
41,4,2,3,2,4,4
41,4,2,2,4,4,4
41,4,-2,3,5,3,4
41,4,2,2,2,2,5
41,3,-2,5,5,5,4
41,2,-2,4,5,5,1
41,2,0,4,5,6,3
41,4,2,2,2,4,5
41,4,2,2,2,2,4
41,4,-2,4,4,3,3
41,4,0,2,4,3,4
41,4,2,1,2,2,5
41,4,2,3,4,4,2
41,5,-2,1,2,1,4
41,4,2,2,3,5,3
41,4,2,2,5,5,4
41,4,2,1,2,2,4
41,4,1,2,2,1,3
41,4,-2,1,4,5,4
41,4,2,2,2,2,4
41,4,2,2,3,2,4
41,1,-3,4,2,5,1
41,4,2,2,2,3,4
41,4,-1,3,2,4,4
41,4,1,4,4,5,3
41,4,2,3,2,5,4
41,4,-1,1,1,2,4
41,4,2,1,2,1,4
41,4,2,2,2,2,4
41,2,2,2,3,4,1
41,4,2,1,3,3,4
41,4,1,3,4,5,3
41,5,1,3,2,3,4
41,4,-1,1,2,1,4
42,6,1,1,2,2,4
42,6,2,1,2,2,5
42,5,2,2,2,5,4
42,6,2,1,2,2,6
42,5,-2,2,2,2,4
42,6,1,2,1,2,6
42,6,1,1,1,2,6
42,5,2,3,1,1,5
42,6,2,1,1,1,4
42,6,1,1,1,1,4
42,6,2,1,1,1,6
42,6,3,1,1,1,6
42,5,2,1,1,1,5
42,6,1,1,1,1,6
42,6,3,1,1,1,6
42,6,1,1,1,1,6
42,5,2,1,1,1,5
42,5,1,1,1,1,5
42,6,2,1,1,1,5
42,5,2,1,1,1,5
42,5,2,1,1,1,6
42,6,1,1,1,1,5
42,6,2,1,1,1,5
42,6,2,1,1,1,6
42,6,2,1,1,1,6
42,6,2,1,1,1,5
42,6,1,1,1,1,5
42,6,2,1,1,1,6
42,5,2,1,1,1,6
42,5,2,1,1,1,5
42,6,2,1,1,1,5
42,6,2,1,1,1,5
42,5,2,1,1,1,5
42,5,2,1,1,1,5
42,5,2,1,1,1,5
42,5,2,1,1,1,5
42,5,1,1,1,1,5
42,6,2,1,1,1,6
42,5,-3,1,1,1,4
42,5,2,1,1,1,4
42,5,2,1,1,1,5
42,5,2,1,1,1,5
42,5,2,1,1,1,6
42,6,2,1,1,1,6
42,6,2,1,1,1,5
42,3,0,1,2,2,5
42,5,2,1,1,1,5
43,6,3,2,1,1,4
43,1,0,1,1,1,4
43,4,3,1,1,1,5
43,4,1,3,1,1,5
43,4,3,2,1,1,5
43,1,-3,5,5,7,2
43,4,0,4,4,7,2
43,2,3,5,1,5,4
43,4,3,2,1,1,4
43,4,3,2,1,2,4
43,1,3,2,1,1,4
43,4,3,1,1,1,4
43,4,0,2,1,1,5
43,4,3,1,1,2,5
43,4,-3,1,1,1,4
43,4,2,1,1,1,4
43,4,0,1,1,1,4
43,4,1,1,1,1,4
43,4,-2,1,1,1,4
43,4,3,1,1,1,4
43,4,2,1,1,1,4
43,4,2,1,1,1,4
43,4,0,2,1,1,4
43,4,3,3,1,1,4
43,4,0,1,1,1,4
43,4,2,2,1,1,4
43,4,2,3,1,1,4
43,4,0,3,1,1,4
43,4,3,3,1,1,4
43,4,3,2,1,1,4
43,4,2,2,1,1,4
43,4,2,2,1,1,4
43,4,3,1,1,1,4
43,4,3,4,1,1,4
44,4,1,1,2,4,4
44,4,1,1,1,4,1
44,5,2,1,1,1,4
44,4,1,4,2,5,2
44,4,-3,7,5,1,1
44,5,1,5,5,1,2
44,5,-3,1,2,2,4
44,5,2,5,4,1,2
44,4,1,2,2,4,2
44,4,-2,1,1,2,4
44,5,1,7,2,2,2
44,5,3,1,2,2,5
44,4,2,1,1,1,6
44,5,2,1,1,1,5
44,2,2,4,2,2,2
44,7,3,1,1,1,4
44,6,2,3,1,1,5
44,5,-3,1,1,1,2
44,5,3,5,1,1,5
44,6,3,1,1,1,5
44,2,2,5,3,4,2
44,1,-3,7,4,6,1
44,4,-3,7,5,6,1
44,4,2,7,4,3,1
44,4,1,7,4,4,1
44,4,2,5,1,1,3
44,6,2,1,2,1,4
44,5,3,3,2,1,4
44,6,3,4,2,4,4
44,5,3,4,4,2,4
44,6,3,7,4,2,4
44,4,3,4,2,4,2
44,1,3,1,3,1,7
44,6,2,4,3,4,4
44,4,1,5,2,1,5
45,1,3,5,1,5,1
45,3,0,5,1,2,3
45,4,2,3,1,1,4
45,4,0,1,1,1,3
45,1,1,1,1,1,4
45,5,3,1,1,1,5
45,5,2,1,1,1,4
45,4,3,1,1,1,4
45,2,2,1,1,1,5
45,5,3,1,1,1,5
45,6,0,1,1,1,4
45,5,3,1,1,1,6
45,5,2,1,1,1,5
45,5,1,1,1,1,6
45,5,2,1,1,1,6
45,5,2,1,1,1,6
45,2,-1,1,1,5,4
45,6,2,1,1,1,6
45,5,2,1,1,1,6
45,5,1,1,1,1,4
45,3,2,7,4,6,4
45,6,2,1,1,1,6
45,5,2,1,1,3,6
45,5,0,1,1,2,5
45,4,2,1,1,1,6
45,5,0,1,1,1,6
45,6,2,1,1,1,6
45,5,2,1,1,1,5
45,6,2,1,1,1,5
45,3,0,5,1,6,5
45,5,2,1,1,3,5
45,5,2,1,1,1,5
45,6,3,1,1,1,6
45,6,3,1,1,1,6
45,6,3,1,1,1,5
45,6,3,1,1,1,5
45,6,3,1,1,1,7
45,6,3,1,1,1,6
45,4,2,5,1,2,5
45,4,3,1,1,2,5
45,4,2,4,2,2,4
45,4,2,1,1,2,5
45,3,1,1,1,1,5
45,4,2,1,1,1,5
45,4,3,1,1,1,5
46,3,0,6,3,4,2
46,1,-3,7,1,6,1
46,4,2,6,1,1,3
46,4,0,6,1,2,3
46,3,2,6,1,2,3
46,4,3,6,1,2,2
46,4,3,5,1,1,4
46,5,0,4,1,1,4
46,5,-2,4,1,1,4
46,4,-1,5,1,1,2
46,4,1,6,1,1,4
46,3,1,4,1,1,5
46,3,3,5,1,1,4
46,1,0,7,4,6,1
46,1,0,7,4,5,1
46,1,2,6,1,4,1
46,3,1,4,1,4,3
46,2,-2,5,1,3,1
46,1,-3,5,1,2,2
46,2,0,5,1,1,1
46,3,2,4,1,1,1
46,3,2,3,1,1,4
46,3,0,6,1,1,4
46,4,2,4,1,1,4
46,4,0,5,1,2,4
46,4,1,4,1,1,3
46,4,3,4,1,1,5
46,4,3,4,1,1,4
46,4,-3,4,1,1,4
46,4,1,3,1,1,5
46,4,3,5,2,1,4
46,4,-1,4,2,1,4
46,4,2,4,1,1,1
46,4,-3,4,3,1,3
46,4,0,4,3,1,4
46,2,1,6,3,3,1
46,4,2,4,2,1,2
46,4,3,5,2,1,4
46,4,-2,5,2,1,4
46,3,3,4,1,1,4
46,5,3,4,1,1,4
46,5,-3,3,1,1,4
46,5,3,4,1,1,4
46,5,3,3,2,1,4
47,3,1,1,1,1,2
47,4,1,3,1,2,4
47,4,2,4,1,4,2
47,5,3,1,1,1,6
47,5,3,1,1,1,5
47,4,2,1,1,1,5
47,6,3,1,1,1,4
47,6,2,1,1,1,6
47,1,2,2,2,2,1
47,5,3,6,1,2,5
47,6,2,2,1,1,6
47,6,2,1,1,1,6
47,6,3,1,1,1,3
47,5,3,1,1,1,3
47,5,2,1,1,1,3
47,3,1,1,1,1,3
47,4,-3,1,1,3,3
47,1,-1,2,1,2,1
47,4,1,2,1,4,5
47,4,-2,6,1,2,2
47,1,-3,7,4,1,1
47,2,1,6,5,1,1
47,2,-3,6,3,1,2
47,4,1,3,1,3,4
47,3,1,3,1,2,4
47,1,-3,7,6,7,1
47,1,0,7,5,7,1
47,5,3,3,1,4,3
47,6,2,1,1,1,6
47,5,2,4,1,2,5
47,5,3,4,1,3,5
47,5,1,4,5,4,5
47,5,2,3,1,1,5
47,3,2,5,3,1,1
47,1,-3,6,4,5,4
47,1,-1,4,3,1,1
47,1,-3,5,3,1,1
47,1,2,4,1,1,4
47,2,2,5,1,1,2
47,1,1,4,1,3,1
47,3,2,2,1,3,5
47,4,2,4,1,3,5
47,1,3,5,3,6,1
47,3,-2,6,1,5,5
47,3,2,6,1,2,3
47,1,2,2,1,4,4
47,4,2,5,1,3,5
47,6,3,1,1,4,5
47,5,1,1,1,1,5
48,2,-1,6,5,4,2
48,2,1,7,5,5,2
48,2,2,6,4,3,2
48,6,1,1,2,1,6
48,6,2,1,1,1,6
48,4,1,1,1,3,6
48,6,2,1,1,1,6
48,6,1,1,1,1,6
48,4,-1,5,1,5,4
48,4,-1,5,1,4,3
48,5,1,1,1,2,5
48,6,2,1,1,1,6
48,6,2,1,1,1,6
48,6,2,1,1,1,6
48,6,1,1,1,1,6
48,6,2,1,1,1,6
48,6,3,1,1,1,6
48,6,2,1,1,1,6
48,5,2,1,1,1,4
48,6,2,1,1,1,5
48,3,2,1,1,1,6
48,5,2,1,1,1,4
48,1,-2,5,1,5,4
48,4,1,4,1,2,4
48,4,-2,1,1,1,4
48,1,0,4,1,4,3
48,4,-2,1,1,5,1
48,4,-2,6,1,2,4
48,6,1,1,1,1,6
48,6,2,1,1,1,6
48,5,0,1,1,1,6
48,6,1,1,1,1,4
48,3,-2,6,4,6,4
48,6,3,1,1,1,6
48,6,3,1,1,1,4
48,6,1,4,1,1,1
48,6,2,1,1,1,6
48,6,1,1,1,1,6
48,6,2,1,1,1,6
48,2,-1,5,1,4,2
48,5,3,1,1,5,6
48,1,2,1,6,5,1
48,5,-1,6,1,4,4
48,1,-2,7,3,6,1
48,1,1,7,4,2,3
48,4,1,4,1,3,4
48,1,-2,6,1,2,4
48,1,-3,7,4,6,1
49,3,-1,2,1,2,3
49,3,2,2,1,2,2
49,4,2,2,1,2,3
49,3,2,2,1,3,2
49,3,3,4,4,2,1
49,4,-2,3,1,2,3
49,4,2,2,1,2,3
49,4,1,2,1,2,3
49,4,3,2,1,2,4
49,4,3,2,1,2,4
49,4,1,3,1,3,3
49,4,-2,3,1,2,3
49,2,-2,4,1,3,2
49,3,2,4,1,2,3
49,4,2,3,1,2,3
49,4,2,3,1,2,3
49,4,2,2,1,2,3
49,4,2,2,1,2,5
49,4,2,2,1,2,5
49,4,-2,3,1,3,3
49,4,2,3,1,2,4
49,4,2,2,1,2,4
49,4,2,3,1,2,4
49,4,2,3,1,2,3
49,4,1,4,1,3,4
49,2,-2,5,1,4,3
49,4,3,3,1,2,4
49,3,1,2,1,3,4
49,4,1,3,1,2,4
49,3,1,4,1,2,4
49,3,-2,3,1,3,4
49,3,1,4,1,3,4
49,2,1,3,1,2,4
49,2,1,4,1,3,4
50,2,-2,5,2,6,2
50,2,-2,6,5,5,2
50,3,1,5,4,5,3
50,2,-2,5,3,5,6
50,3,1,5,2,5,2
50,3,1,4,3,3,4
50,5,2,5,2,4,3
50,3,2,4,2,4,4
50,4,2,4,2,4,3
50,4,2,4,4,4,3
50,3,2,6,3,5,3
50,3,-2,6,3,5,3
50,3,-2,6,3,5,2
50,4,2,4,2,3,4
50,4,1,4,3,4,4
50,3,2,4,2,4,3
50,3,2,4,2,3,3
50,4,0,4,2,4,3
50,4,2,3,2,2,4
50,4,1,2,2,3,5
50,3,-2,5,2,2,4
50,4,2,3,1,2,5
50,4,3,4,1,4,5
50,4,3,3,1,2,5
50,5,2,3,2,2,5
50,4,2,3,1,1,5
50,4,3,4,2,2,5
50,4,3,3,1,2,5
50,5,3,2,1,2,6
50,4,3,3,1,1,5
50,4,3,2,1,2,5
50,5,2,3,1,1,5
50,4,3,2,1,1,5
50,4,3,3,1,2,5
50,3,1,3,2,2,5
50,4,2,3,1,3,4
50,4,0,3,1,1,5
50,3,3,4,1,1,5
50,2,-3,6,3,4,2
51,4,-2,3,2,3,3
51,3,-2,4,2,3,2
51,4,1,3,3,4,5
51,5,2,2,2,3,5
51,5,0,2,2,2,5
51,4,2,4,2,4,4
51,5,2,2,2,2,5
51,5,-1,2,2,2,5
51,5,2,1,2,3,5
51,5,1,2,2,3,5
51,5,1,2,2,2,5
51,5,2,2,2,2,5
51,3,3,3,2,3,3
51,3,-1,2,2,4,3
51,3,2,4,4,5,2
51,4,2,3,2,3,4
51,3,2,3,3,4,3
51,5,3,3,2,2,6
51,4,0,4,2,3,3
51,3,-3,4,5,5,3
51,5,2,2,2,2,6
51,3,-3,4,4,5,3
51,3,1,5,4,5,3
51,3,1,5,4,4,3
51,3,1,4,2,4,3
51,3,-1,5,4,3,2
51,3,0,4,3,3,2
51,3,2,6,4,6,3
51,3,2,4,2,3,3
51,4,2,3,2,3,5
51,4,3,2,3,3,3
51,5,2,2,2,2,5
51,3,2,5,4,6,3
51,5,-3,2,2,2,4
51,6,1,2,2,2,6
51,6,2,2,2,2,5
51,6,2,2,2,2,6
51,6,3,2,2,1,6
51,6,1,2,2,1,6
51,4,3,4,3,3,4
51,3,-3,6,5,5,2
51,4,3,4,4,5,3
51,3,-2,4,4,4,3
52,5,2,3,2,2,5
52,6,3,2,1,2,4
52,5,2,1,1,1,3
52,2,3,4,3,4,2
52,4,3,3,2,2,3
52,4,3,2,2,2,3
52,2,-2,5,1,5,2
52,1,-3,6,6,7,5
52,4,3,2,1,3,3
52,4,2,2,1,2,2
52,2,2,6,2,6,1
52,4,3,2,3,3,4
52,3,2,4,3,3,3
52,4,2,2,2,3,4
52,3,2,4,3,3,4
52,5,3,2,1,2,4
52,4,2,1,1,2,5
52,4,3,2,2,2,5
52,2,2,6,3,4,1
52,1,1,6,4,6,1
52,1,-1,6,4,2,1
52,2,2,4,3,4,4
52,1,1,5,2,4,2
52,1,3,1,1,2,3
52,3,2,3,4,4,3
52,1,1,4,3,4,2
52,4,1,4,3,3,3
52,1,1,2,1,3,5
52,2,0,4,2,3,4
52,3,1,4,2,3,5
52,2,-1,3,3,3,4
52,4,2,4,4,3,4
52,4,3,3,3,2,3
52,4,2,4,4,2,4
53,6,1,4,2,1,6
53,4,2,3,1,1,1
53,4,2,5,1,2,2
53,6,2,2,1,2,2
53,3,2,2,4,3,3
53,5,0,4,1,1,6
53,2,1,3,1,2,2
53,2,-2,4,1,2,3
53,4,1,3,1,2,5
53,4,1,3,1,2,5
53,5,2,4,1,2,3
53,4,2,3,1,2,4
53,4,1,5,1,2,3
53,5,2,2,1,2,5
53,4,2,3,1,2,2
53,4,-1,4,1,3,3
53,4,2,4,2,2,3
53,4,-1,5,1,2,3
53,4,2,2,3,1,4
53,4,1,3,1,2,4
53,4,0,4,2,2,4
53,4,-2,3,1,3,3
53,3,-3,5,2,3,3
53,5,1,2,1,2,5
53,3,-3,5,1,4,3
53,3,1,4,1,3,2
53,5,2,3,1,2,5
53,4,2,3,1,2,4
53,5,2,2,1,1,5
53,5,1,2,1,1,4
53,6,2,2,1,1,6
53,6,3,2,1,1,5
53,4,1,4,2,1,4
53,4,-2,3,1,2,2
53,2,-1,5,1,4,2
53,3,1,3,1,1,3
53,4,1,1,1,1,5
53,3,-1,2,1,1,3
54,1,3,4,5,4,1
54,1,0,7,7,1,1
54,1,0,1,1,4,4
54,1,2,1,5,4,1
54,1,1,1,1,4,3
54,1,0,1,1,4,1
54,1,-2,1,1,5,1
54,1,1,1,1,3,6
54,1,0,6,4,7,1
54,1,-3,4,1,4,4
54,1,3,1,1,5,2
54,1,0,3,1,5,4
54,1,0,1,1,4,4
54,1,3,1,1,7,2
54,1,3,3,1,1,3
54,1,3,4,4,6,1
54,1,3,6,1,5,1
54,1,1,5,4,3,4
54,1,1,5,4,5,1
54,1,3,1,5,6,4
54,1,1,6,3,7,2
54,1,0,5,1,6,4
54,1,1,5,1,5,4
54,1,0,6,1,5,4
54,1,1,1,1,3,4
54,1,1,6,5,7,1
54,1,3,6,6,7,5
54,3,3,5,6,7,1
54,2,-1,4,5,3,1
54,1,1,5,1,4,3
54,5,0,1,1,4,3
54,4,0,1,1,1,3
54,1,0,6,2,3,4
54,1,0,5,1,6,3
54,1,1,4,1,2,5
54,1,3,6,1,6,4
54,1,-1,4,1,5,4
54,1,0,1,1,4,4
54,1,-1,4,1,5,5
54,1,-3,5,2,6,1
54,1,-2,6,1,7,3
54,1,0,5,5,7,3
54,1,0,5,4,6,1
55,7,3,1,1,1,6
55,7,3,1,1,1,7
55,7,3,1,1,1,7
55,6,2,1,1,1,5
55,4,2,5,1,4,4
55,5,3,1,1,1,7
55,6,2,1,1,1,6
55,5,3,3,1,1,6
55,5,0,1,1,1,6
55,6,3,1,1,1,6
55,6,3,1,1,1,6
55,6,3,1,1,1,6
55,2,3,2,1,4,6
55,5,2,1,1,1,5
55,1,-2,4,1,4,4
55,1,0,1,1,7,7
55,1,3,1,1,4,6
55,4,1,1,1,4,5
55,4,3,1,1,3,4
55,1,3,1,1,3,4
55,4,1,2,1,1,5
55,4,1,4,1,3,5
55,4,3,1,1,3,5
55,1,0,4,1,6,4
55,1,1,1,1,3,6
55,3,0,2,1,3,4
55,2,3,1,1,2,5
55,4,3,1,1,2,5
55,5,3,1,1,1,5
55,4,-3,1,1,1,6
55,5,-1,1,1,1,5
55,5,-1,1,1,1,5
55,3,-1,1,1,1,4
55,4,3,3,1,1,6
55,4,3,3,1,1,4
56,1,0,7,4,6,1
56,1,1,6,2,5,5
56,1,0,7,5,6,2
56,3,2,4,3,5,4
56,1,0,1,3,3,4
56,1,2,4,1,4,5
56,4,3,2,2,3,4
56,1,0,3,3,3,5
56,2,2,3,1,3,4
56,1,2,6,1,5,4
56,1,2,4,2,3,2
56,1,1,3,4,5,2
56,1,0,6,2,7,1
56,1,1,4,2,4,4
56,1,0,7,2,5,4
56,1,0,4,1,4,3
56,1,1,4,1,5,3
56,1,1,4,1,4,2
56,1,1,4,4,6,2
56,4,2,3,1,3,4
56,1,1,7,4,5,1
56,1,1,3,2,4,3
56,1,1,4,1,5,4
56,4,1,2,1,2,4
56,1,1,5,6,6,2
56,4,2,3,3,3,5
56,3,2,4,1,5,2
56,2,0,2,1,3,3
56,2,1,3,1,3,3
56,2,1,2,3,3,3
56,2,1,3,1,4,3
56,1,0,4,2,4,1
56,1,0,5,2,5,2
56,1,1,5,3,4,2
56,1,0,6,2,4,1
56,1,1,5,5,6,1
56,1,1,4,3,4,1
56,1,1,6,3,6,1
56,1,0,7,7,7,1
56,1,2,5,6,7,1
56,1,0,4,5,4,1
56,1,1,7,2,4,1
56,1,-1,5,6,6,1
56,1,2,3,2,4,1
56,3,0,3,1,3,4
56,4,0,2,1,3,5
56,3,1,4,2,4,3
56,4,0,2,5,3,3
56,2,2,4,1,3,4
57,5,1,4,2,1,2
57,5,0,2,1,2,4
57,4,2,2,1,4,4
57,6,2,2,1,1,5
57,5,1,3,1,1,6
57,3,3,4,1,4,3
57,5,3,2,1,2,4
57,4,3,4,2,3,3
57,4,0,2,1,4,5
57,5,0,2,1,1,5
57,2,3,4,2,3,3
57,5,1,1,1,1,6
57,2,-1,4,1,1,3
57,3,3,1,1,1,6
57,5,1,2,1,1,6
57,3,0,3,1,1,3
57,4,0,4,1,4,4
57,2,3,3,1,3,4
57,2,2,5,2,5,4
57,2,0,4,2,4,3
57,2,0,5,2,4,3
57,2,2,2,1,4,4
57,2,0,5,1,6,3
57,3,1,4,1,4,4
57,4,1,2,1,2,4
57,2,3,4,2,3,2
57,2,0,4,2,5,3
57,1,-2,5,2,6,1
57,2,-2,6,2,6,2
57,2,0,5,3,6,1
57,5,3,3,1,2,4
57,7,2,2,1,1,5
57,3,0,2,1,2,5
57,3,0,2,1,2,5
57,3,3,2,1,2,4
57,6,-2,2,1,1,4
57,4,-1,3,1,2,4
57,2,1,6,2,5,1
57,1,2,1,1,1,4
57,5,2,2,1,1,4
57,4,3,2,1,2,3
57,2,1,3,1,4,3
57,4,0,4,2,3,4
58,3,0,5,3,4,3
58,4,1,2,1,3,5
58,4,-2,2,1,5,4
58,4,2,2,1,4,4
58,4,0,1,2,4,4
58,4,2,4,4,4,3
58,4,2,4,2,4,4
58,2,-2,5,2,5,1
58,2,1,5,2,5,2
58,4,2,2,2,4,4
58,4,2,3,2,3,4
58,4,2,1,2,3,4
58,4,0,2,1,2,4
58,4,-2,3,1,2,5
58,4,0,3,2,4,4
58,4,2,1,1,5,5
58,4,1,3,1,4,4
58,4,2,3,1,3,4
58,4,0,3,2,4,4
58,3,0,4,2,5,4
58,4,0,1,1,3,5
58,4,2,1,1,3,5
58,4,-3,1,1,2,5
58,3,1,4,2,4,3
58,3,0,3,3,5,3
58,4,-1,3,2,4,3
58,2,-3,3,2,5,3
58,3,1,3,3,4,2
58,4,1,3,1,3,4
58,4,0,2,1,4,3
58,5,1,1,1,2,5
58,4,2,1,2,4,4
58,5,0,1,1,2,4
58,4,1,3,3,4,3
58,3,0,3,1,3,3
58,4,1,1,1,3,4
58,5,0,1,1,2,4
58,4,2,1,1,4,4
58,5,0,1,1,2,5
58,4,1,1,1,3,4
58,4,-2,1,1,2,4
58,4,-3,1,1,3,4
58,4,2,1,1,2,4
58,3,2,3,2,5,3
58,3,0,1,1,3,3
58,4,2,1,1,3,4
59,4,-1,4,5,4,4
59,5,2,3,2,2,5
59,6,3,1,2,1,6
59,6,2,1,2,1,5
59,5,3,1,1,2,6
59,5,2,1,2,2,6
59,5,3,2,2,2,4
59,5,1,1,2,1,5
59,5,3,1,2,1,5
59,5,2,2,2,2,5
59,5,0,1,2,2,5
59,6,2,1,2,2,6
59,5,0,1,1,2,6
59,4,2,4,2,4,4
59,4,-1,3,2,3,4
59,4,0,4,4,4,4
59,4,1,5,3,3,4
59,4,2,3,3,3,4
59,5,2,4,4,2,4
59,5,2,3,2,2,5
59,5,3,2,2,2,5
59,5,-3,2,2,3,5
59,6,2,1,1,1,6
59,5,1,1,1,2,5
59,6,3,1,1,1,5
59,4,-3,1,4,2,4
59,6,-3,1,1,2,6
59,6,3,1,1,2,6
59,5,1,1,2,2,5
59,5,1,1,1,2,5
59,6,3,1,1,2,6
59,6,2,1,1,2,5
59,6,-1,1,2,2,6
59,5,3,1,2,2,5
59,5,3,3,2,2,5
59,4,2,3,2,3,5
59,5,3,2,1,2,5
59,6,3,1,2,2,6
59,5,-1,2,2,2,5
59,5,1,2,2,2,5
59,6,2,1,1,2,5
59,5,3,2,1,2,5
60,4,2,3,1,2,5
60,4,2,3,1,2,5
60,4,2,1,1,1,6
60,4,1,1,2,5,1
60,5,2,3,1,2,4
60,4,2,6,1,1,6
60,7,2,2,2,1,6
60,4,2,5,2,1,3
60,4,2,3,1,2,4
60,4,2,2,1,4,5
60,1,-1,6,5,4,1
60,5,2,2,1,4,5
60,4,0,1,1,2,4
60,5,3,1,1,1,5
60,4,3,7,5,2,4
60,4,0,4,2,2,3
60,5,1,1,1,2,5
60,5,3,6,2,2,4
60,1,-2,2,1,2,6
60,6,2,1,1,1,6
60,4,0,2,1,2,5
60,4,3,2,1,1,6
60,2,2,6,2,2,4
60,3,-3,7,5,4,4
60,4,-3,4,5,4,4
60,4,1,2,2,4,6
60,3,2,4,2,3,5
60,3,2,2,1,3,5
60,2,0,2,3,3,5
60,1,2,2,4,4,2
60,3,2,3,2,4,4
60,4,-2,1,1,2,4
60,2,-2,6,5,5,2
60,4,1,1,1,2,4
60,4,0,1,1,5,2
60,3,-1,2,2,4,2
60,4,1,4,6,5,2
60,3,1,3,3,3,3
61,2,3,2,2,5,5
61,6,3,1,1,2,6
61,5,3,1,1,2,6
61,3,2,1,1,4,5
61,1,2,1,1,2,5
61,4,1,2,1,3,4
61,4,3,1,1,1,6
61,4,2,1,1,2,5
61,2,-1,6,1,4,2
61,5,2,2,1,2,4
61,4,2,5,1,3,5
61,5,1,5,1,2,2
61,5,1,1,1,2,5
61,3,1,6,4,5,5
61,5,2,2,1,3,5
61,4,1,2,1,3,5
61,6,3,1,1,1,6
61,2,2,6,1,5,4
61,3,2,6,1,5,2
61,3,1,6,1,6,2
61,4,2,3,1,4,4
61,3,2,3,1,5,3
61,3,2,4,1,5,4
61,4,1,4,1,4,5
61,3,2,3,1,4,3
61,4,2,3,1,3,3
61,5,3,2,1,2,6
61,2,-3,7,5,1,1
61,3,0,5,1,5,3
61,5,2,2,1,3,5
61,4,2,2,1,3,4
61,4,1,2,1,4,5
61,5,2,3,1,2,6
61,5,1,2,1,2,5
61,5,2,2,1,3,5
61,5,3,2,1,2,6
61,4,2,1,1,3,4
61,5,3,2,1,2,6
61,5,2,2,1,2,6
61,6,2,2,1,2,6
61,5,1,2,1,3,5
61,4,1,3,1,3,5
61,4,1,3,1,3,5
61,6,2,2,1,2,6
61,6,1,2,1,2,6
61,4,2,6,2,2,5
61,4,1,2,1,3,4
61,5,3,2,1,3,4
61,4,1,6,1,3,5
61,5,3,3,4,3,4
61,5,2,2,1,2,5
61,4,1,2,1,3,5
61,4,2,6,1,3,4
61,4,2,6,1,3,4
62,5,0,6,1,3,5
62,4,3,7,2,5,2
62,5,1,3,1,2,6
62,3,-1,3,2,2,4
62,2,0,6,1,3,2
62,4,2,2,1,2,6
62,6,3,2,1,3,6
62,3,1,3,1,4,3
62,4,2,4,1,3,4
62,3,0,6,2,5,3
62,5,3,4,1,4,5
62,3,2,3,1,2,4
62,1,3,4,3,4,2
62,3,3,2,1,3,4
62,2,2,1,1,2,3
62,1,3,2,1,2,2
62,5,1,2,1,1,6
62,5,3,2,1,1,6
62,6,-3,2,1,1,6
62,6,3,2,1,1,6
62,5,0,1,1,1,5
62,5,2,1,1,1,6
62,6,3,1,1,1,7
62,4,-3,1,1,2,3
62,5,1,2,1,4,5
62,5,3,1,1,1,4
62,6,3,1,1,1,6
62,7,3,1,1,1,7
62,6,3,1,1,1,7
62,6,3,1,1,1,6
62,6,3,1,1,1,6
62,3,1,1,1,2,3
62,4,2,3,1,3,4
62,5,0,2,1,2,5
62,4,1,2,1,2,4
62,5,2,1,1,1,4
62,4,3,1,1,2,5
62,4,1,1,1,1,5
62,3,3,1,1,1,5
62,2,3,1,1,1,6
62,4,0,1,1,1,4
62,4,2,1,1,3,4
62,2,-3,4,4,3,1
62,2,-3,6,3,4,1
62,2,0,7,4,5,2
62,3,2,4,1,5,3
62,1,3,3,2,5,2
63,6,2,5,1,3,5
63,2,0,4,1,2,3
63,6,2,1,1,2,6
63,1,1,4,1,2,4
63,5,0,2,1,2,4
63,4,1,1,1,1,4
63,1,1,5,1,3,1
63,1,0,5,1,4,1
63,2,1,6,4,6,1
63,1,0,6,1,4,1
63,2,1,5,2,3,1
63,1,1,7,2,5,1
63,6,1,4,1,3,6
63,4,1,3,1,1,4
63,5,1,3,1,2,4
63,4,1,5,1,3,4
63,1,1,5,1,2,1
63,3,0,7,1,4,1
63,1,0,6,5,5,1
63,1,1,6,2,5,1
63,4,1,5,1,2,5
63,4,1,5,2,2,4
63,4,1,5,1,3,6
63,5,1,4,1,2,6
63,4,1,5,4,3,4
63,5,1,5,1,4,2
63,2,0,6,1,2,2
63,2,1,5,2,5,1
63,4,2,5,1,2,4
63,4,1,1,1,2,5
63,4,1,3,1,2,5
63,5,1,6,1,2,5
64,3,1,3,5,4,3
64,2,-2,5,5,5,2
64,2,-3,5,4,3,3
64,2,2,4,3,5,2
64,4,-1,2,3,4,4
64,3,3,2,3,5,4
64,5,3,2,2,1,5
64,4,2,2,2,3,5
64,5,-2,3,3,2,5
64,4,2,2,2,3,6
64,2,2,4,3,5,3
64,6,2,1,3,1,4
64,4,-2,2,2,3,5
64,3,2,1,3,5,3
64,3,-1,3,2,4,4
64,5,1,3,3,2,5
64,4,2,2,3,3,4
64,3,2,2,3,5,2
64,4,1,3,3,4,5
64,5,1,1,2,1,5
64,5,2,2,2,2,5
64,4,-1,2,2,3,5
64,4,0,4,2,3,4
64,4,2,3,2,2,4
64,5,2,2,2,2,5
64,3,2,1,4,5,2
64,6,2,1,2,2,5
64,6,2,1,1,2,5
64,6,1,2,1,1,6
64,4,1,2,3,2,4
64,5,2,3,2,2,4
64,4,2,3,3,4,4
64,4,1,1,3,3,3
64,5,1,2,1,2,5
64,4,2,3,2,2,4
64,4,0,2,2,3,5
64,5,2,1,3,2,5
64,5,2,1,2,2,6
64,5,1,1,3,2,5
64,2,1,5,5,5,2
64,4,2,4,1,2,5
64,2,-2,1,4,2,2
64,4,1,3,2,4,4
64,2,-3,5,3,5,2
64,2,-3,5,3,5,2
64,2,1,5,2,4,2
64,2,-2,5,3,5,2
65,5,2,2,2,3,5
65,5,2,3,2,2,6
65,5,-2,2,2,2,5
65,5,1,2,2,2,5
65,3,-1,3,2,5,5
65,3,-1,2,3,4,1
65,4,-1,2,2,4,2
65,5,2,5,2,2,6
65,5,-1,4,2,3,6
65,4,2,4,2,3,5
65,5,3,2,1,2,6
65,5,3,2,1,2,6
65,5,-1,2,2,2,4
65,5,-2,2,2,2,3
65,5,3,3,2,3,3
65,5,0,2,1,2,5
65,5,2,2,1,2,6
65,5,3,2,2,1,4
65,6,3,2,1,2,5
65,5,-2,2,1,4,4
65,5,-2,1,1,4,4
65,5,-1,2,4,2,4
65,5,3,2,2,1,5
65,4,-1,3,2,4,4
65,4,-3,3,2,3,3
65,5,-3,2,2,1,5
65,5,-2,2,1,1,5
65,4,1,5,2,2,2
65,4,-1,4,2,3,4
65,5,2,2,1,2,4
65,5,2,2,1,1,5
65,6,2,2,1,1,4
65,5,1,2,3,2,3
65,4,-1,2,1,2,4
65,4,0,2,2,2,4
65,5,2,3,1,1,4
65,5,2,1,1,1,5
65,5,3,2,1,1,5
65,5,2,2,1,1,5
65,6,3,2,1,1,5
65,5,-2,1,1,1,4
66,5,3,2,2,2,5
66,5,3,1,1,2,6
66,5,3,1,1,2,7
66,5,3,1,1,1,6
66,5,0,1,1,1,2
66,5,3,1,1,1,6
66,2,-3,6,5,3,2
66,2,3,1,5,5,2
66,4,-1,3,3,2,4
66,5,2,1,1,2,7
66,1,-3,1,4,5,1
66,1,3,1,1,4,3
66,3,3,1,2,4,2
66,5,-3,1,1,1,6
66,4,2,1,1,1,6
66,5,3,1,1,1,6
66,4,3,1,2,4,5
66,5,3,1,1,1,6
66,5,3,1,1,2,6
66,4,3,1,1,1,5
66,4,3,1,1,1,2
66,2,3,1,1,2,2
66,5,3,1,1,1,5
66,4,-2,1,1,1,3
66,1,0,1,1,1,1
66,2,3,1,1,1,1
66,3,3,1,1,3,3
66,1,2,1,2,2,1
66,4,3,1,1,1,4
66,6,3,1,1,1,7
66,4,3,1,1,1,4
66,4,2,1,1,1,4
67,4,-3,2,1,1,4
67,5,3,1,1,1,6
67,5,1,1,1,1,6
67,6,2,1,1,1,5
67,6,3,1,1,1,5
67,4,1,1,1,1,5
67,6,3,1,4,1,3
67,4,1,1,1,1,5
67,3,3,1,1,1,3
67,4,3,2,1,1,3
67,5,-1,2,1,1,4
67,4,2,1,1,1,5
67,4,2,1,1,1,5
67,3,-1,1,1,2,3
67,3,2,1,1,1,4
67,3,-2,1,1,1,4
67,4,-2,1,1,1,5
67,4,-3,1,1,1,5
67,4,1,1,1,1,4
67,4,2,1,1,1,3
67,4,3,1,1,1,4
67,4,2,1,1,1,4
67,4,1,1,1,1,5
67,2,-3,1,1,1,3
67,4,2,1,1,1,3
67,4,-2,1,1,1,3
67,3,-3,2,6,1,6
67,2,2,1,1,1,5
67,5,2,1,1,1,5
67,5,3,1,1,1,5
67,5,3,1,1,1,4
67,4,-2,1,1,1,5
67,5,3,1,1,1,3
67,3,-3,1,1,1,3
67,3,-1,1,1,1,5
67,2,1,3,1,1,4
67,1,-2,1,1,1,5
67,3,1,1,1,1,4
67,4,3,1,1,1,3
67,3,-2,2,1,1,4
68,6,3,1,1,1,6
68,6,3,1,1,1,6
68,5,3,1,1,1,4
68,6,3,1,1,1,7
68,7,3,1,1,1,6
68,4,3,1,1,4,1
68,6,-3,4,1,2,6
68,1,3,3,1,4,4
68,1,3,4,1,2,4
68,6,3,1,1,1,2
68,7,3,1,1,1,7
68,7,3,1,1,1,7
68,7,3,1,1,1,7
68,6,3,1,1,1,7
68,7,3,1,1,1,6
68,7,3,1,1,1,6
68,7,2,1,1,1,7
68,7,3,1,1,1,5
68,6,3,1,1,1,6
68,7,3,1,1,1,5
68,6,3,1,1,1,7
68,4,2,1,1,1,4
68,5,3,1,1,1,7
68,7,3,1,1,1,6
68,6,3,1,1,1,7
68,7,3,1,1,1,7
68,6,3,1,1,1,4
68,1,-3,4,1,3,2
68,6,3,1,1,1,6
68,1,-1,4,1,4,1
68,4,1,4,1,2,4
68,6,3,1,1,1,6
68,6,3,1,1,1,7
68,6,3,1,1,1,4
68,6,3,1,1,1,6
68,6,3,1,1,1,6
68,6,3,1,1,1,6
68,4,3,1,1,1,4
68,6,3,1,1,1,6
68,5,3,4,1,1,6
68,6,1,1,1,1,5
68,6,3,1,1,1,6
68,6,3,1,1,1,7
68,6,3,1,1,1,6
68,7,3,1,1,1,7
68,6,3,1,1,1,6
69,2,2,6,4,5,5
69,4,0,4,5,3,2
69,7,3,1,1,1,7
69,3,-2,3,2,5,5
69,3,0,2,1,4,6
69,5,1,6,1,2,6
69,4,3,3,1,3,6
69,4,2,2,1,3,7
69,2,3,2,1,2,6
69,2,0,6,2,1,3
69,4,2,6,2,4,4
69,2,-3,7,4,5,1
69,4,-2,6,4,4,5
69,3,1,6,2,5,4
69,3,-3,7,3,5,4
69,3,3,3,1,4,5
69,2,3,5,1,4,6
69,2,3,4,1,3,6
69,2,0,6,2,5,5
69,3,3,2,1,4,6
69,3,2,6,2,5,4
69,2,3,5,2,5,4
69,3,3,5,1,5,6
69,3,2,4,1,5,6
69,4,3,2,1,3,6
69,3,2,2,1,3,6
69,2,3,5,1,5,5
69,3,0,3,1,4,6
69,4,0,2,1,4,6
69,3,0,2,1,5,6
70,4,1,1,2,2,3
70,2,-1,2,2,3,5
70,1,3,1,1,2,3
70,5,2,3,2,2,3
70,4,2,2,1,4,3
70,1,-2,3,1,1,4
70,1,-2,5,1,5,3
70,3,-2,3,1,3,1
70,3,3,2,1,1,3
70,6,3,1,1,2,5
70,3,2,3,1,4,4
70,3,2,2,1,4,4
70,5,2,1,1,1,5
70,1,-1,4,1,1,2
70,2,-1,5,1,5,2
70,6,2,1,1,1,5
70,1,1,6,1,5,5
70,5,3,1,1,2,5
70,5,3,1,1,1,5
70,4,-1,1,1,3,3
70,7,1,1,1,1,4
70,3,1,2,1,1,4
70,3,2,4,5,1,2
70,4,3,1,1,1,4
70,1,-3,6,3,4,1
70,2,2,5,2,5,1
70,1,3,6,3,4,1
70,4,3,1,1,5,1
70,2,-2,4,2,5,1
70,5,2,3,1,1,4
70,3,1,4,1,5,1
70,3,2,3,2,2,2
70,5,2,3,1,2,3
70,4,1,1,1,1,3
70,5,2,3,1,1,5
71,4,3,1,1,1,7
71,4,3,3,1,1,4
71,1,2,4,1,1,4
71,4,3,1,1,1,4
71,1,3,2,1,1,5
71,4,3,1,1,1,7
71,1,0,1,1,3,3
71,1,1,1,1,2,4
71,1,1,1,1,1,4
71,2,1,1,1,1,5
71,1,2,1,1,1,3
71,1,-3,3,1,4,1
71,1,1,2,1,1,3
71,1,3,3,1,1,1
71,4,3,1,1,1,4
71,1,1,1,1,1,1
71,1,1,1,1,1,2
71,1,2,2,1,1,1
71,1,-2,4,4,1,1
71,5,1,1,1,1,4
71,1,1,1,1,2,4
71,1,1,2,1,2,4
71,1,0,2,1,2,2
71,1,2,2,2,2,3
71,1,1,2,1,2,4
71,1,0,1,1,2,2
71,2,3,1,1,1,3
71,2,2,1,1,1,3
71,2,3,1,1,1,5
71,2,3,1,1,1,4
71,4,3,1,1,1,4
71,4,3,1,1,1,3
71,4,3,1,1,1,1
72,5,1,2,3,3,6
72,4,2,5,5,2,3
72,2,2,2,3,2,4
72,7,3,1,1,1,6
72,5,2,4,2,2,5
72,5,3,3,1,2,6
72,5,2,3,2,2,6
72,6,3,2,2,1,4
72,6,2,2,2,2,6
72,6,3,6,2,3,5
72,6,3,2,2,2,6
72,6,2,1,1,1,6
72,5,2,4,1,2,5
72,5,2,2,2,3,5
72,6,3,2,1,2,5
72,3,2,5,5,5,4
72,4,2,6,4,4,3
72,4,2,6,5,4,4
72,4,2,6,5,4,3
72,3,2,4,3,4,4
72,4,2,5,3,1,5
72,5,2,4,4,4,5
72,5,2,3,2,3,5
72,4,1,4,4,4,4
72,4,2,5,2,3,5
72,4,2,6,5,4,4
72,4,2,5,5,3,4
72,5,2,4,5,4,4
72,4,2,5,5,4,4
72,3,2,7,5,5,3
72,4,2,5,4,4,5
72,4,1,2,4,4,5
72,5,2,3,4,4,5
72,4,2,6,5,5,3
72,3,2,5,5,5,4
72,5,2,5,5,5,5
73,2,1,5,5,6,1
73,4,2,5,3,3,2
73,3,3,3,2,3,3
73,6,3,2,2,2,5
73,5,1,3,1,2,5
73,6,2,2,2,3,6
73,3,-1,5,2,5,1
73,2,1,3,4,6,2
73,4,1,2,2,4,4
73,6,3,1,2,3,4
73,6,2,2,2,2,6
73,6,3,1,2,3,6
73,1,3,5,3,6,2
73,5,3,2,2,3,6
73,6,2,7,6,6,3
73,2,2,7,6,6,3
73,4,2,7,6,4,2
73,3,0,4,6,6,3
73,4,3,1,2,1,6
73,4,2,1,2,5,5
73,3,3,2,1,2,3
73,7,2,3,4,3,6
73,3,2,5,5,6,1
73,2,-2,6,4,6,1
73,3,2,5,2,3,3
73,6,3,1,5,3,6
73,6,2,3,4,2,6
73,6,2,2,2,4,6
73,4,2,2,3,5,5
73,3,3,1,5,3,7
73,3,2,6,5,3,2
73,2,2,3,5,2,2
73,7,1,4,3,3,5
73,6,2,2,2,1,6
73,5,-1,2,2,1,6
73,5,2,1,2,1,5
73,1,-3,7,6,1,2
73,3,-2,5,6,1,2
73,6,2,2,2,4,6
73,3,-3,6,4,4,2
73,5,2,6,6,2,3
73,7,2,1,6,3,5
73,6,3,1,2,2,5
73,6,3,1,2,2,6
73,6,2,1,2,1,7
74,1,2,2,1,4,1
74,2,2,1,1,1,4
74,1,3,2,1,5,2
74,5,3,1,1,5,5
74,4,3,1,1,1,5
74,3,3,1,1,1,4
74,4,-2,1,1,1,4
74,5,3,1,1,1,5
74,5,3,1,1,1,6
74,4,3,1,1,1,4
74,4,3,1,1,1,5
74,5,3,1,1,1,5
74,4,2,1,1,2,4
74,5,2,1,1,1,5
74,4,3,1,1,1,5
74,4,3,1,1,1,5
74,4,3,1,1,1,5
74,5,3,1,1,1,5
74,4,3,5,4,3,4
74,1,3,4,1,1,4
74,4,3,1,1,1,4
74,4,2,1,1,1,5
74,4,0,1,1,1,4
74,4,2,1,1,1,4
74,4,1,1,4,1,4
74,4,2,4,1,1,5
74,4,2,1,1,1,4
74,4,3,1,1,1,5
74,5,2,1,1,1,5
74,4,2,1,1,1,5
74,4,3,1,1,1,5
74,4,2,1,1,1,4
74,4,3,1,1,1,5
74,5,2,1,1,1,5
74,4,2,1,1,1,5
74,4,2,1,2,2,5
74,4,1,1,1,1,5
74,5,3,1,1,1,5
74,5,2,1,1,1,5
74,5,3,1,1,1,5
74,5,3,1,1,1,5
74,5,2,1,1,1,5
74,3,1,3,3,1,3
74,5,2,2,1,2,5
74,5,2,1,1,1,5
74,5,3,1,1,1,5
74,3,3,2,3,1,5
74,5,1,1,1,1,5
74,5,3,1,1,1,5
74,5,2,1,1,1,5
74,4,3,1,1,1,5
75,5,3,4,1,1,3
75,7,3,1,1,1,7
75,5,2,2,1,1,1
75,6,3,1,1,1,6
75,4,3,3,1,2,5
75,1,3,7,6,6,1
75,3,-1,4,4,3,1
75,4,-3,4,1,5,1
75,4,1,4,1,1,2
75,6,3,1,1,1,6
75,6,2,1,1,1,6
75,4,1,2,1,1,7
75,5,-1,1,1,1,2
75,6,0,1,1,1,6
75,5,3,1,1,1,2
75,7,0,1,1,1,6
75,5,2,1,1,1,6
75,4,-3,5,2,1,1
75,5,3,4,1,1,1
75,7,-3,1,1,1,4
75,6,3,1,1,1,1
75,6,-2,1,1,1,2
75,2,-3,7,1,3,1
75,5,-3,6,1,1,7
75,6,2,1,1,1,6
75,7,1,1,1,1,7
75,7,-3,1,1,1,6
75,5,-3,6,1,1,1
75,7,-3,7,1,1,1
75,5,2,7,1,1,1
75,5,-3,4,1,1,3
75,7,2,1,1,1,7
75,6,3,7,1,1,1
75,7,3,2,1,1,5
75,1,-2,7,6,3,1
75,6,2,1,1,1,1
75,7,3,1,1,1,4
75,6,-2,1,1,1,6
75,5,-3,7,2,1,1
75,5,-2,3,1,1,4
75,7,3,1,1,1,7
75,4,2,1,1,1,4
76,2,3,5,5,4,3
76,3,2,2,1,1,4
76,3,2,2,1,2,4
76,5,3,2,1,1,5
76,4,3,3,1,1,4
76,3,3,2,1,3,3
76,4,2,1,1,1,5
76,3,2,3,1,1,3
76,3,-3,1,1,1,3
76,2,1,5,1,2,2
76,3,2,3,1,2,4
76,3,2,1,1,1,4
76,3,3,3,1,1,3
76,3,-3,3,1,2,2
76,3,3,1,1,1,5
76,3,2,2,1,1,4
76,4,2,1,1,1,4
76,3,2,1,1,1,4
76,4,3,1,1,1,4
76,2,-1,1,2,2,3
76,3,2,3,1,3,3
76,3,2,2,1,2,3
76,3,2,2,2,1,3
76,3,2,1,1,1,5
76,3,2,2,1,1,3
76,3,-2,2,1,1,2
76,3,2,1,1,1,4
76,2,1,3,2,2,3
76,3,2,1,1,1,4
76,4,2,1,1,1,5
76,3,2,2,1,1,4
76,3,-3,3,1,3,3
76,3,2,1,1,1,4
76,3,2,2,1,1,3
76,4,3,1,1,1,4
76,3,2,1,1,1,4
76,2,2,2,1,1,4
76,3,2,3,1,2,3
77,5,1,3,1,1,5
77,5,2,3,1,1,5
77,5,3,2,1,1,5
77,5,2,3,1,1,5
77,4,2,2,1,1,5
77,6,2,2,1,1,6
77,4,3,1,4,2,4
77,3,0,4,2,3,1
77,3,0,3,1,4,4
77,3,1,5,1,4,4
77,4,-2,5,1,4,4
77,4,-3,5,1,3,4
77,2,-3,6,5,7,2
77,3,-1,5,3,4,2
77,6,1,3,1,2,6
77,5,1,4,1,4,5
77,4,3,1,1,2,5
77,5,3,2,1,2,5
77,6,3,2,1,1,6
77,3,2,1,1,1,2
77,5,1,3,1,4,5
77,5,3,2,1,1,5
77,6,3,2,1,1,6
77,6,2,1,1,1,5
77,3,-3,4,1,4,3
77,2,-3,5,5,5,2
77,4,1,1,1,2,4
77,4,1,1,1,1,5
77,4,2,3,1,4,4
77,4,2,3,1,1,5
77,4,-1,1,1,1,5
77,6,3,1,1,1,5
77,4,2,2,1,1,4
77,5,1,1,1,1,5
77,5,0,1,1,1,4
77,4,-1,2,1,3,4
77,5,0,2,1,1,5
78,4,1,4,2,2,4
78,2,3,6,4,5,3
78,5,2,2,2,2,6
78,4,3,4,2,3,4
78,5,3,2,2,1,5
78,3,-2,3,2,5,4
78,5,-3,4,1,1,5
78,5,1,3,1,2,5
78,5,-1,2,1,3,4
78,2,3,5,4,5,3
78,5,2,3,2,2,5
78,5,3,2,2,2,5
78,4,-1,4,3,2,5
78,3,1,4,3,4,4
78,3,1,4,3,4,3
78,4,0,4,2,2,4
78,4,1,5,4,3,3
78,2,-1,5,5,6,2
78,2,2,5,5,6,2
78,5,2,3,2,3,5
78,5,1,2,2,2,4
78,5,3,2,2,2,5
78,5,2,5,1,1,5
78,5,2,3,3,2,5
78,4,2,4,5,3,3
78,5,3,4,4,2,5
78,4,3,5,4,2,4
78,5,-1,4,2,2,5
78,5,1,3,2,2,5
78,5,2,2,3,2,4
78,5,2,2,2,2,5
78,5,3,3,2,2,5
78,5,2,4,1,1,5
78,5,1,4,2,2,5
78,2,2,5,2,5,3
78,5,0,2,2,2,5
78,2,-2,5,1,3,2
78,5,-1,3,2,2,4
78,4,-2,3,2,2,5
78,3,1,4,2,2,4
78,5,2,4,2,2,4
78,3,2,2,1,4,4
78,5,2,2,1,2,4
78,5,0,3,2,2,5
78,2,2,3,1,4,2
79,6,2,3,1,1,5
79,5,2,5,1,1,5
79,7,0,1,1,1,7
79,6,3,3,1,1,6
79,5,1,2,1,1,5
79,4,1,1,1,1,4
79,6,0,1,1,1,6
79,7,2,1,1,1,7
79,6,2,2,1,1,6
79,5,-2,1,1,1,4
79,3,2,3,6,4,1
79,3,2,1,1,5,3
79,6,3,1,1,1,6
79,6,3,1,1,1,6
79,7,3,1,1,1,7
79,5,-2,1,1,1,7
79,4,0,4,1,5,4
79,4,2,2,1,2,5
79,4,-1,2,1,1,5
79,4,-1,2,1,2,3
79,4,-3,2,1,4,3
79,5,1,3,1,3,5
79,4,2,1,1,3,3
79,6,1,1,1,1,6
79,7,3,1,1,1,6
79,6,2,1,1,2,7
79,5,-3,2,1,2,5
79,4,2,3,1,3,5
79,3,2,3,1,5,4
79,5,0,2,2,3,4
79,3,2,3,1,5,5
79,4,2,5,1,5,2
79,6,3,1,1,1,7
79,5,2,2,1,2,6
79,6,3,1,1,1,5
79,6,2,1,1,1,7
79,6,1,1,1,1,6
79,5,0,1,1,1,5
79,6,2,2,1,1,6
79,5,0,2,1,1,5
79,6,0,1,1,1,6
79,5,2,2,1,1,5
79,5,2,3,2,3,4
79,5,1,2,1,1,3
79,3,-2,3,2,3,2
79,5,2,2,1,2,4
79,5,2,1,1,1,6
80,5,2,1,1,4,5
80,2,0,2,1,3,2
80,6,2,4,1,3,6
80,6,3,1,1,2,5
80,6,3,1,1,2,3
80,5,2,1,1,4,4
80,5,2,1,1,4,4
80,4,-2,1,1,1,6
80,5,3,1,1,1,5
80,5,1,1,1,1,4
80,6,1,5,1,1,5
80,6,3,1,1,1,5
80,6,3,1,1,1,6
80,4,0,1,1,1,3
80,3,2,5,1,1,3
80,2,-3,1,1,4,2
80,4,2,1,1,1,4
80,1,-1,6,3,2,1
80,4,2,5,1,1,1
80,1,2,1,1,1,1
80,4,2,4,1,4,4
80,2,2,6,1,1,3
80,2,-2,5,1,5,5
80,4,2,6,5,6,2
80,4,2,6,1,2,5
80,2,2,6,1,3,1
80,4,-3,1,1,3,1
80,2,3,4,1,2,3
80,4,2,1,1,2,1
80,4,2,1,1,1,7
80,6,2,1,1,1,6
80,6,2,1,1,1,4
80,3,-1,3,1,4,2
80,5,3,3,1,2,5
80,4,2,1,5,2,2
80,3,2,4,3,5,2
80,4,1,4,1,6,1
80,6,3,1,1,1,5
80,4,1,5,1,1,4
80,5,2,1,1,1,4
80,6,3,1,1,1,5
80,6,3,1,1,1,6
81,2,1,7,1,3,6
81,1,-3,7,1,4,1
81,6,-2,2,1,1,6
81,2,-1,7,1,6,1
81,4,-1,4,1,1,6
81,7,-2,1,1,1,7
81,5,2,1,1,1,5
81,1,2,4,1,4,4
81,3,-3,2,1,3,4
81,6,2,2,1,2,6
81,5,2,1,1,3,6
81,2,-3,7,1,7,4
81,5,-1,4,1,5,6
81,1,-3,6,5,4,2
81,3,1,6,1,5,4
81,4,1,7,1,3,4
81,7,2,2,1,2,6
81,1,3,4,1,5,7
81,7,3,1,1,1,7
81,6,3,1,1,2,6
81,5,1,6,1,1,5
81,4,-3,4,5,5,2
81,7,2,1,3,1,4
81,6,3,1,5,1,4
81,6,-2,1,1,1,7
81,7,-3,1,1,1,7
81,1,1,6,1,5,4
81,1,-3,7,1,6,6
81,6,3,6,1,3,4
81,1,-2,2,3,6,4
81,1,3,7,2,5,4
81,1,-2,7,1,7,5
81,4,3,3,1,6,5
81,7,2,2,1,1,7
81,3,2,5,2,1,3
81,5,1,4,1,1,3
81,6,3,2,1,1,5
81,4,-2,2,1,1,3
81,4,-3,7,1,6,5
81,4,0,4,1,3,3
81,6,3,2,1,3,6
82,4,1,1,2,2,2
82,1,0,6,5,2,1
82,3,2,2,4,2,2
82,2,2,4,4,2,2
82,3,3,2,2,2,3
82,2,3,2,3,2,4
82,3,1,3,2,2,3
82,3,1,2,3,2,2
82,6,3,2,2,2,5
82,6,2,2,2,2,5
82,6,2,2,2,2,5
82,5,2,2,2,2,5
82,5,2,2,2,2,5
82,5,2,2,3,2,5
82,4,1,4,2,3,4
82,4,2,3,2,2,3
82,2,-1,2,2,2,3
82,5,3,2,2,2,4
82,4,1,4,2,2,5
82,4,1,3,2,2,5
82,5,2,4,2,2,4
82,5,1,2,2,2,5
82,5,2,2,2,2,6
82,5,-1,2,2,1,5
82,5,3,2,2,1,5
82,5,2,2,2,1,5
82,4,1,2,2,2,4
82,5,2,2,3,1,5
82,4,-2,4,2,2,2
82,4,0,2,3,2,4
82,4,2,2,2,2,3
82,4,1,5,3,2,3
82,1,2,4,1,6,3
82,2,1,2,2,4,4
82,3,1,5,2,2,3
82,6,2,2,2,2,6
82,6,3,2,2,2,6
82,6,1,2,2,2,6
82,6,2,2,2,2,6
82,6,2,2,2,2,5
82,6,2,2,2,2,6
82,6,2,2,2,2,6
82,6,1,2,2,2,6
83,6,0,1,1,3,6
83,4,0,1,2,2,4
83,6,2,1,2,2,5
83,5,3,1,1,2,3
83,4,2,1,1,2,5
83,4,2,1,1,3,4
83,4,2,1,1,2,6
83,5,2,1,1,1,6
83,4,2,1,2,5,4
83,4,0,1,1,1,4
83,5,1,1,1,1,6
83,5,2,1,1,1,7
83,4,1,1,1,2,3
83,5,3,1,1,2,5
83,5,1,1,1,1,6
83,6,3,1,1,1,6
83,4,1,1,1,2,5
83,5,1,1,1,1,5
83,4,1,3,1,3,2
83,2,2,1,1,2,2
83,4,2,1,1,2,5
83,5,2,1,1,2,2
83,5,1,1,1,2,5
83,4,1,1,1,3,4
83,6,1,1,1,2,5
83,2,2,1,1,2,5
83,3,-1,2,1,2,4
83,3,1,4,1,5,4
83,3,1,1,1,1,5
83,3,1,2,1,2,3
83,1,0,1,1,5,4
83,4,2,1,1,5,5
83,4,1,1,1,3,5
83,6,0,2,1,3,6
83,6,1,1,1,2,6
83,5,1,1,1,1,6
83,5,1,1,1,2,5
83,6,2,1,1,1,6
83,6,1,2,1,1,6
84,5,3,2,2,1,6
84,5,2,5,1,1,1
84,6,3,2,2,1,6
84,2,-1,7,2,5,2
84,4,-3,6,3,3,4
84,3,2,5,4,4,3
84,5,1,6,2,3,3
84,4,3,6,1,3,4
84,4,3,6,2,4,4
84,5,3,6,2,1,5
84,5,3,5,1,1,4
84,5,-2,5,2,1,5
84,4,3,5,3,5,4
84,3,3,6,2,3,4
84,4,3,6,1,2,4
84,1,-3,7,1,5,1
84,1,-3,4,1,6,1
84,1,2,5,1,6,1
84,1,3,5,3,4,1
84,1,3,6,1,4,4
84,1,3,6,3,5,2
84,1,2,6,3,4,1
84,2,3,7,4,6,1
84,1,2,7,5,5,2
84,1,-1,7,6,6,1
84,2,-3,7,7,6,1
84,1,-1,7,7,7,1
84,2,1,5,4,6,2
84,3,3,4,2,4,2
84,5,3,6,1,4,4
84,4,-3,6,1,5,4
84,3,2,6,3,3,3
84,3,2,6,2,4,3
84,4,3,5,3,4,4
84,4,3,6,2,3,4
84,3,-3,6,4,5,3
84,3,2,5,2,4,4
84,3,3,6,2,1,4
84,4,3,4,2,4,4
84,4,3,1,2,4,4
84,4,3,5,2,3,4
84,4,3,4,2,2,4
84,4,3,4,2,4,1
84,4,3,5,2,3,4
84,5,3,4,2,2,4
84,4,3,3,2,3,5
84,4,2,3,2,3,2
84,3,3,4,3,4,2
84,4,3,5,2,3,2
84,4,3,2,2,3,4
84,1,-2,6,2,6,2
84,3,1,6,2,5,3
85,1,-2,6,2,6,2
85,3,-1,2,1,2,5
85,3,-1,1,1,2,2
85,2,-3,7,1,6,2
85,1,-2,6,1,5,2
85,3,1,4,2,2,4
85,5,-2,2,2,2,4
85,4,2,3,2,3,4
85,2,2,5,2,4,3
85,3,2,4,1,3,3
85,2,-2,4,1,5,3
85,5,2,2,1,2,5
85,5,2,4,2,2,5
85,5,1,2,2,2,5
85,5,2,1,1,2,5
85,3,-3,2,2,2,4
85,6,2,1,1,1,6
85,5,2,1,1,1,5
85,3,-3,5,4,3,3
85,4,1,2,1,2,4
85,3,-3,4,1,2,4
85,4,2,4,1,2,6
85,5,3,2,1,1,6
85,6,2,1,1,1,6
85,4,-2,4,1,2,6
85,2,-2,5,2,5,3
85,3,2,1,1,3,5
85,3,2,1,1,3,6
85,2,-1,3,1,5,5
85,4,0,2,2,4,2
85,4,2,4,1,3,5
85,5,0,3,1,2,5
85,5,2,2,1,2,5
85,5,1,1,1,1,5
85,5,0,1,1,1,5
85,5,0,1,1,2,5
85,3,-1,2,1,2,3
85,4,2,1,1,2,5
86,5,2,2,1,1,6
86,4,2,4,1,4,4
86,4,2,5,1,4,5
86,6,2,2,1,2,5
86,6,1,3,1,2,6
86,6,1,1,1,1,6
86,6,3,1,1,2,7
86,4,-1,4,1,4,4
86,5,1,2,1,2,6
86,6,1,2,1,2,7
86,4,3,4,1,2,6
86,3,0,3,1,2,4
86,3,2,4,1,3,3
86,6,3,1,1,1,6
86,6,3,1,1,1,6
86,6,2,1,1,1,6
86,5,3,3,1,1,4
86,6,1,2,1,1,6
86,4,1,1,1,2,5
86,6,1,1,1,1,5
86,4,3,1,1,5,5
86,6,3,1,1,1,6
86,6,3,1,1,1,5
86,6,3,1,1,1,5
86,6,3,1,1,1,6
86,6,2,1,1,1,6
86,5,2,1,1,1,6
86,4,3,4,2,2,4
86,5,1,1,1,1,6
86,4,1,3,1,2,5
86,5,2,1,1,1,6
86,4,2,1,1,1,4
86,4,0,1,1,1,4
86,4,1,1,1,1,4
86,4,2,3,1,1,5
86,5,2,1,1,1,6
86,4,1,1,1,1,4
86,4,2,6,3,4,3
86,4,3,5,3,1,3
86,4,2,5,3,4,4
86,4,2,5,3,3,4
86,4,-3,5,3,2,4
86,4,2,5,3,2,4
87,5,3,6,1,5,3
87,3,-3,6,6,5,3
87,5,3,3,1,2,5
87,6,3,2,1,1,6
87,6,3,1,1,1,3
87,6,3,3,1,1,6
87,1,-3,7,6,7,2
87,3,2,6,5,7,2
87,5,3,5,6,1,2
87,5,3,6,3,3,3
87,5,3,6,3,3,3
87,5,3,3,1,1,5
87,3,-3,6,3,3,3
87,5,3,4,1,2,5
87,5,-3,5,1,3,3
87,5,-3,6,3,1,3
87,5,3,6,3,3,3
87,5,2,5,2,2,5
87,5,-1,5,1,1,3
87,5,3,5,1,1,5
87,5,3,5,1,1,2
87,5,3,3,1,1,5
87,5,2,3,1,1,5
87,6,3,3,1,1,5
87,5,-3,5,1,3,3
87,5,-2,5,3,3,3
87,5,-3,5,3,1,3
87,5,3,5,1,1,5
87,5,3,5,1,1,3
87,5,-1,5,1,1,3
87,5,3,3,1,1,5
87,5,-3,5,3,1,3
87,5,3,3,1,1,5
87,5,-2,5,1,1,3
87,5,-3,3,1,1,3
87,5,3,3,1,1,3
87,5,3,3,1,1,5
87,5,1,3,1,1,3
87,5,-3,3,1,1,3
87,5,3,3,1,1,3
87,5,3,5,1,1,2
87,6,-3,3,1,1,5
87,5,-3,5,1,3,3
87,5,0,3,1,1,3
88,6,3,1,1,1,6
88,6,3,1,1,1,5
88,6,3,1,1,1,6
88,6,2,1,1,1,5
88,6,1,1,1,1,6
88,1,-3,5,1,1,3
88,1,-3,5,1,5,2
88,4,0,1,1,4,4
88,6,2,1,1,4,5
88,1,-1,1,1,1,4
88,1,-1,4,1,4,2
88,4,1,1,1,4,4
88,4,1,4,1,1,3
88,4,1,2,1,2,4
88,5,2,3,1,2,3
88,5,2,1,1,1,4
88,6,2,1,1,1,5
88,6,2,1,1,1,6
88,4,1,2,1,1,4
88,5,2,1,1,1,3
88,5,1,2,1,1,2
88,5,1,1,1,1,2
88,3,1,6,1,1,3
88,5,0,1,1,1,3
88,4,2,5,1,1,2
88,4,2,1,1,1,3
88,4,2,3,1,4,3
88,4,1,4,1,1,3
88,4,1,4,1,1,3
88,4,3,3,1,1,3
88,6,3,1,1,1,4
88,4,1,3,1,1,3
88,5,3,3,1,1,3
88,4,2,1,1,1,3
88,4,3,4,1,1,2
88,4,2,2,1,1,4
88,4,1,5,1,4,4
88,4,1,5,1,1,3
88,4,3,1,1,1,3
88,4,1,3,1,1,3
88,5,3,3,1,1,3
88,5,2,4,1,1,4
88,6,2,3,1,1,6
88,6,2,1,1,1,6
88,6,2,1,1,1,6
88,5,1,2,1,1,4
88,4,-1,1,1,3,3
88,4,2,2,1,1,3
88,5,0,2,1,1,3
88,4,0,3,1,4,3
88,4,2,3,1,3,3
88,4,1,2,1,3,3
